program,family,piid,work_type,prior_wave_seq,wave_seq,vendor_retention,allocation_similarity,same_top_vendor,capability_match
virginia,Submarines,N0002412C2115,castings,1,2,1.0,0.9291,yes,yes
virginia,Submarines,N0002412C2115,castings,2,3,0.5,0.9868,yes,yes
virginia,Submarines,N0002412C2115,castings,3,4,1.0,0.1621,no,no
virginia,Submarines,N0002412C2115,castings,4,5,0.3333,0.1963,no,no
virginia,Submarines,N0002412C2115,coatings,1,2,1.0,1.0,yes,yes
virginia,Submarines,N0002412C2115,coatings,2,3,0.0,0.0,no,no
virginia,Submarines,N0002412C2115,coatings,3,4,0.5,0.9993,yes,yes
virginia,Submarines,N0002412C2115,coatings,4,5,1.0,0.9993,yes,yes
virginia,Submarines,N0002412C2115,electrical,1,2,0.0,0.0,no,no
virginia,Submarines,N0002412C2115,electrical,2,3,0.0714,0.1448,no,no
virginia,Submarines,N0002412C2115,hvac,1,2,1.0,1.0,yes,yes
virginia,Submarines,N0002412C2115,hvac,2,3,0.0,0.0,no,no
virginia,Submarines,N0002412C2115,hvac,3,4,0.5,0.4003,no,no
virginia,Submarines,N0002412C2115,hvac,4,5,0.5,0.2455,no,yes
virginia,Submarines,N0002412C2115,hvac,5,6,1.0,0.3618,no,no
virginia,Submarines,N0002412C2115,unbucketed,1,2,0.0,0.0,no,no
virginia,Submarines,N0002412C2115,unbucketed,2,3,0.0047,0.0637,no,no
virginia,Submarines,N0002416C2111,castings,1,2,0.0,,no,no
virginia,Submarines,N0002416C2111,coatings,1,2,1.0,0.9123,no,no
virginia,Submarines,N0002416C2111,coatings,2,3,0.5,0.9025,yes,yes
virginia,Submarines,N0002416C2111,coatings,3,4,1.0,0.2832,no,no
virginia,Submarines,N0002416C2111,coatings,4,5,0.0,0.0,no,no
virginia,Submarines,N0002416C2111,coatings,5,6,0.0,0.0,no,no
virginia,Submarines,N0002416C2111,coatings,6,7,0.0,0.0,no,yes
virginia,Submarines,N0002416C2111,electrical,1,2,0.8,0.0091,no,yes
virginia,Submarines,N0002416C2111,electrical,2,3,0.6667,0.0011,no,yes
virginia,Submarines,N0002416C2111,electrical,3,4,0.25,0.0005,no,no
virginia,Submarines,N0002416C2111,electrical,4,5,0.2,0.0,no,no
virginia,Submarines,N0002416C2111,electrical,5,6,0.5,0.2055,no,no
virginia,Submarines,N0002416C2111,electrical,6,7,0.0,0.0,no,no
virginia,Submarines,N0002416C2111,electrical,7,8,0.0,0.0,no,no
virginia,Submarines,N0002416C2111,hvac,1,2,1.0,1.0,yes,yes
virginia,Submarines,N0002416C2111,hvac,2,3,0.0,0.0,no,no
virginia,Submarines,N0002416C2111,hvac,3,4,0.0,0.0,no,no
virginia,Submarines,N0002416C2111,hvac,4,5,0.0,0.0,no,no
virginia,Submarines,N0002416C2111,machining,1,2,0.0,0.0,no,no
virginia,Submarines,N0002416C2111,machining,2,3,0.0,0.0,no,no
virginia,Submarines,N0002416C2111,machining,3,4,1.0,0.9938,yes,yes
virginia,Submarines,N0002416C2111,machining,4,5,0.0,0.0,no,yes
virginia,Submarines,N0002416C2111,piping,1,2,0.5,0.3727,no,no
virginia,Submarines,N0002416C2111,piping,2,3,0.375,0.0673,no,no
virginia,Submarines,N0002416C2111,piping,3,4,1.0,0.18,no,yes
virginia,Submarines,N0002416C2111,piping,4,5,0.0,0.0,no,yes
virginia,Submarines,N0002416C2111,piping,5,6,0.0,,no,no
virginia,Submarines,N0002416C2111,piping,6,7,0.0,,no,no
virginia,Submarines,N0002416C2111,piping,7,8,0.0,0.0,no,no
virginia,Submarines,N0002416C2111,piping,8,9,0.0,0.0,no,no
virginia,Submarines,N0002416C2111,structural,1,2,0.0,0.0,no,no
virginia,Submarines,N0002416C2111,structural,2,3,0.0,0.0,no,no
virginia,Submarines,N0002416C2111,structural,3,4,0.0,0.0,no,no
virginia,Submarines,N0002416C2111,structural,4,5,0.3333,0.0031,no,no
virginia,Submarines,N0002416C2111,unbucketed,1,2,1.0,0.0978,no,no
virginia,Submarines,N0002416C2111,unbucketed,2,3,0.0,0.0,no,no
virginia,Submarines,N0002416C2111,unbucketed,3,4,0.0,0.0,no,no
virginia,Submarines,N0002417C2100,castings,1,2,0.75,0.9983,yes,yes
virginia,Submarines,N0002417C2100,castings,2,3,0.5,0.2792,no,no
virginia,Submarines,N0002417C2100,castings,3,4,0.2857,0.2998,no,no
virginia,Submarines,N0002417C2100,coatings,1,2,1.0,1.0,yes,yes
virginia,Submarines,N0002417C2100,coatings,2,3,0.0,0.0,no,no
virginia,Submarines,N0002417C2100,coatings,3,4,0.5,0.0008,no,yes
virginia,Submarines,N0002417C2100,coatings,4,5,1.0,0.7618,yes,yes
virginia,Submarines,N0002417C2100,coatings,5,6,0.0909,0.4564,no,yes
virginia,Submarines,N0002417C2100,coatings,6,7,1.0,0.114,no,no
virginia,Submarines,N0002417C2100,electrical,1,2,0.0,0.0,no,no
virginia,Submarines,N0002417C2100,electrical,2,3,0.1,0.011,no,no
virginia,Submarines,N0002417C2100,hvac,1,2,1.0,0.7895,no,no
virginia,Submarines,N0002417C2100,hvac,2,3,0.5,0.9835,yes,yes
virginia,Submarines,N0002417C2100,hvac,3,4,1.0,,no,no
virginia,Submarines,N0002417C2100,hvac,4,5,0.25,,no,yes
virginia,Submarines,N0002417C2100,hvac,5,6,0.0,0.0,no,no
virginia,Submarines,N0002417C2100,hvac,6,7,0.5,0.4761,no,no
virginia,Submarines,N0002417C2100,hvac,7,8,0.6667,0.5822,no,yes
virginia,Submarines,N0002417C2100,hvac,8,9,0.3333,0.0017,no,no
virginia,Submarines,N0002417C2100,hvac,9,10,0.0,0.0,no,no
virginia,Submarines,N0002417C2100,hvac,10,11,1.0,0.1501,no,no
virginia,Submarines,N0002417C2100,machining,1,2,0.25,0.7543,yes,yes
virginia,Submarines,N0002417C2100,machining,2,3,0.4348,0.7489,yes,yes
virginia,Submarines,N0002417C2100,piping,1,2,0.1,0.8365,yes,yes
virginia,Submarines,N0002417C2100,structural,1,2,0.5,0.8412,yes,yes
virginia,Submarines,N0002417C2100,structural,2,3,0.5,0.0086,no,no
virginia,Submarines,N0002417C2100,structural,3,4,0.2105,0.088,no,yes
virginia,Submarines,N0002417C2100,structural,4,5,0.4146,0.1159,no,no
virginia,Submarines,N0002417C2100,unbucketed,1,2,0.0,0.0,no,no
virginia,Submarines,N0002417C2100,unbucketed,2,3,0.0033,0.0,no,no
virginia,Submarines,N0002421C4106,structural,1,2,1.0,1.0,yes,yes
virginia,Submarines,N0002421C4106,unbucketed,1,2,1.0,0.7836,no,no
virginia,Submarines,N0002421C4106,unbucketed,2,3,0.0,0.0,no,no
virginia,Submarines,N0002421C4106,unbucketed,3,4,0.0,0.0,no,no
virginia,Submarines,N0002421C4106,unbucketed,4,5,0.0,0.0,no,no
virginia,Submarines,N0002421C4106,unbucketed,5,6,0.3333,0.3019,no,no
virginia,Submarines,N0002421C4111,unbucketed,1,2,0.0,0.0,no,no
virginia,Submarines,N0002424C2110,electrical,1,2,0.3333,0.2521,no,no
virginia,Submarines,N0002424C2110,electrical,2,3,0.0,0.0,no,no
virginia,Submarines,N0002424C2110,electrical,3,4,0.0,0.0,no,no
virginia,Submarines,N0002424C2110,hvac,1,2,0.0,0.0,no,no
virginia,Submarines,N0002424C2110,hvac,2,3,1.0,1.0,yes,yes
virginia,Submarines,N0002424C2110,structural,1,2,0.2857,0.9707,yes,yes
columbia,Submarines,N0002413C2128,castings,1,2,0.3333,0.7881,yes,yes
columbia,Submarines,N0002413C2128,castings,2,3,1.0,0.9896,yes,yes
columbia,Submarines,N0002413C2128,castings,3,4,1.0,0.6838,no,no
columbia,Submarines,N0002413C2128,castings,4,5,0.0,0.0,no,no
columbia,Submarines,N0002413C2128,coatings,1,2,1.0,0.6554,no,no
columbia,Submarines,N0002413C2128,coatings,2,3,0.0,0.0,no,yes
columbia,Submarines,N0002413C2128,electrical,1,2,0.3333,0.9245,yes,yes
columbia,Submarines,N0002413C2128,electrical,2,3,1.0,0.0181,no,no
columbia,Submarines,N0002413C2128,electrical,3,4,0.0,0.0,no,no
columbia,Submarines,N0002413C2128,electrical,4,5,0.0,0.0,no,no
columbia,Submarines,N0002413C2128,hvac,1,2,0.5,0.2822,no,no
columbia,Submarines,N0002413C2128,hvac,2,3,0.0,0.0,no,no
columbia,Submarines,N0002413C2128,hvac,3,4,0.0,0.0,no,no
columbia,Submarines,N0002413C2128,machining,1,2,0.0,0.0,no,no
columbia,Submarines,N0002413C2128,machining,2,3,0.0,0.0,no,no
columbia,Submarines,N0002413C2128,machining,3,4,0.5,0.0424,no,yes
columbia,Submarines,N0002413C2128,machining,4,5,1.0,0.3877,no,no
columbia,Submarines,N0002413C2128,machining,5,6,0.3333,0.2804,no,yes
columbia,Submarines,N0002413C2128,machining,6,7,0.0,0.0,no,yes
columbia,Submarines,N0002413C2128,piping,1,2,1.0,0.5298,yes,no
columbia,Submarines,N0002413C2128,piping,2,3,0.0,0.0,no,no
columbia,Submarines,N0002413C2128,piping,3,4,0.0,0.0,no,yes
columbia,Submarines,N0002413C2128,piping,4,5,0.0,0.0,no,no
columbia,Submarines,N0002413C2128,piping,5,6,0.0,0.0,no,no
columbia,Submarines,N0002413C2128,piping,6,7,0.0,,no,no
columbia,Submarines,N0002413C2128,structural,1,2,1.0,0.5143,no,no
columbia,Submarines,N0002413C2128,unbucketed,1,2,0.0,,no,no
columbia,Submarines,N0002413C2128,unbucketed,2,3,0.0,,no,no
columbia,Submarines,N0002413C2128,unbucketed,3,4,0.0,0.0,no,no
columbia,Submarines,N0002417C2117,castings,1,2,0.6,0.9794,yes,yes
columbia,Submarines,N0002417C2117,coatings,1,2,0.3333,0.0286,no,no
columbia,Submarines,N0002417C2117,coatings,2,3,0.0,0.0,no,no
columbia,Submarines,N0002417C2117,coatings,3,4,1.0,1.0,yes,yes
columbia,Submarines,N0002417C2117,coatings,4,5,0.0,0.0,no,no
columbia,Submarines,N0002417C2117,coatings,5,6,0.1,0.308,no,yes
columbia,Submarines,N0002417C2117,coatings,6,7,1.0,0.6392,no,yes
columbia,Submarines,N0002417C2117,electrical,1,2,0.0,0.0,no,yes
columbia,Submarines,N0002417C2117,electrical,2,3,0.0,0.0,no,no
columbia,Submarines,N0002417C2117,electrical,3,4,0.0333,0.0026,no,no
columbia,Submarines,N0002417C2117,hvac,1,2,0.2,0.1051,no,no
columbia,Submarines,N0002417C2117,hvac,2,3,1.0,0.1085,no,no
columbia,Submarines,N0002417C2117,hvac,3,4,0.3333,0.5645,no,no
columbia,Submarines,N0002417C2117,hvac,4,5,0.5,0.8426,yes,yes
columbia,Submarines,N0002417C2117,hvac,5,6,1.0,0.9912,yes,yes
columbia,Submarines,N0002417C2117,hvac,6,7,1.0,0.3264,no,no
columbia,Submarines,N0002417C2117,machining,1,2,0.75,0.7327,yes,yes
columbia,Submarines,N0002417C2117,machining,2,3,1.0,0.7474,yes,yes
columbia,Submarines,N0002417C2117,machining,3,4,0.037,0.7639,yes,yes
columbia,Submarines,N0002417C2117,piping,1,2,0.0,0.0,no,no
columbia,Submarines,N0002417C2117,piping,2,3,0.0,0.0,no,no
columbia,Submarines,N0002417C2117,piping,3,4,0.0519,0.2795,no,no
columbia,Submarines,N0002417C2117,structural,1,2,0.0,0.0,no,no
columbia,Submarines,N0002417C2117,structural,2,3,0.0625,0.0009,no,no
columbia,Submarines,N0002417C2117,structural,3,4,1.0,0.9295,yes,yes
columbia,Submarines,N0002417C2117,structural,4,5,0.0217,0.0629,no,no
columbia,Submarines,N0002417C2117,unbucketed,1,2,0.0055,0.0083,no,no
columbia,Submarines,N0002419C2114,electrical,1,2,1.0,1.0,yes,yes
columbia,Submarines,N0002419C2114,electrical,2,3,0.0,0.0,no,no
columbia,Submarines,N0002419C2114,electrical,3,4,0.5,0.0469,no,no
columbia,Submarines,N0002419C2114,machining,1,2,0.0,0.0,no,no
columbia,Submarines,N0002419C2114,machining,2,3,1.0,1.0,yes,yes
columbia,Submarines,N0002419C2114,piping,1,2,0.0,0.0,no,no
columbia,Submarines,N0002419C2114,piping,2,3,0.25,0.8671,yes,yes
columbia,Submarines,N0002419C2114,unbucketed,1,2,0.3333,0.9405,yes,yes
columbia,Submarines,N0002419C2114,unbucketed,2,3,0.2857,0.9079,yes,yes
columbia,Submarines,N0002419C2115,electrical,1,2,1.0,0.2083,no,no
columbia,Submarines,N0002419C2115,electrical,2,3,1.0,0.9999,yes,yes
columbia,Submarines,N0002419C2115,machining,1,2,1.0,1.0,yes,yes
columbia,Submarines,N0002419C2115,machining,2,3,1.0,1.0,yes,yes
columbia,Submarines,N0002419C2115,piping,1,2,0.75,0.6769,no,no
columbia,Submarines,N0002419C2115,structural,1,2,0.0,0.0,no,no
columbia,Submarines,N0002419C2115,unbucketed,1,2,0.3333,0.8551,yes,yes
columbia,Submarines,N0002419C2115,unbucketed,2,3,0.0,0.0,no,no
columbia,Submarines,N0002419C2115,unbucketed,3,4,0.25,0.1027,no,no
ddg,DDG-51,N0002411C2307,coatings,1,2,0.0,0.0,no,yes
ddg,DDG-51,N0002411C2307,coatings,2,3,0.0,0.0,no,yes
ddg,DDG-51,N0002411C2307,coatings,3,4,0.0,0.0,no,yes
ddg,DDG-51,N0002411C2307,coatings,4,5,0.0,0.0,no,no
ddg,DDG-51,N0002411C2307,coatings,5,6,0.0,0.0,no,no
ddg,DDG-51,N0002411C2307,coatings,6,7,0.0,0.0,no,yes
ddg,DDG-51,N0002411C2307,electrical,1,2,0.5,0.5004,no,no
ddg,DDG-51,N0002411C2307,electrical,2,3,0.0,0.0,no,no
ddg,DDG-51,N0002411C2307,electrical,3,4,0.0,0.0,no,no
ddg,DDG-51,N0002411C2307,hvac,1,2,0.0,0.0,no,no
ddg,DDG-51,N0002411C2307,hvac,2,3,0.0,0.0,no,no
ddg,DDG-51,N0002411C2307,hvac,3,4,1.0,1.0,yes,yes
ddg,DDG-51,N0002411C2307,hvac,4,5,0.0,0.0,no,no
ddg,DDG-51,N0002411C2307,hvac,5,6,1.0,1.0,yes,no
ddg,DDG-51,N0002411C2307,hvac,6,7,1.0,1.0,yes,no
ddg,DDG-51,N0002411C2307,hvac,7,8,0.0,0.0,no,no
ddg,DDG-51,N0002411C2307,machining,1,2,1.0,0.916,yes,no
ddg,DDG-51,N0002411C2307,machining,2,3,0.0,0.0,no,no
ddg,DDG-51,N0002411C2307,machining,3,4,1.0,1.0,yes,yes
ddg,DDG-51,N0002411C2307,machining,4,5,0.0,0.0,no,no
ddg,DDG-51,N0002411C2307,machining,5,6,0.5,0.3445,no,no
ddg,DDG-51,N0002411C2307,machining,6,7,1.0,0.9388,yes,no
ddg,DDG-51,N0002411C2307,machining,7,8,1.0,1.0,yes,no
ddg,DDG-51,N0002411C2307,piping,1,2,1.0,0.0754,no,no
ddg,DDG-51,N0002411C2307,piping,2,3,0.0,0.0,no,no
ddg,DDG-51,N0002411C2307,piping,3,4,0.0,0.0,no,no
ddg,DDG-51,N0002411C2307,piping,4,5,0.0,0.0,no,no
ddg,DDG-51,N0002411C2307,piping,5,6,0.5,0.3081,no,no
ddg,DDG-51,N0002411C2307,piping,6,7,0.0,0.0,no,no
ddg,DDG-51,N0002411C2307,piping,7,8,0.0,0.0,no,no
ddg,DDG-51,N0002411C2307,piping,8,9,0.0,0.0,no,no
ddg,DDG-51,N0002411C2307,structural,1,2,0.0,0.0,no,no
ddg,DDG-51,N0002411C2307,structural,2,3,0.3333,0.3289,no,yes
ddg,DDG-51,N0002411C2307,structural,3,4,0.5,0.0683,no,yes
ddg,DDG-51,N0002411C2307,structural,4,5,0.5,0.2362,no,yes
ddg,DDG-51,N0002411C2307,structural,5,6,0.0,0.0,no,no
ddg,DDG-51,N0002411C2307,structural,6,7,0.0,0.0,no,no
ddg,DDG-51,N0002411C2307,structural,7,8,1.0,1.0,yes,yes
ddg,DDG-51,N0002411C2307,structural,8,9,0.5,0.0809,no,yes
ddg,DDG-51,N0002411C2307,unbucketed,1,2,0.0857,0.0251,no,no
ddg,DDG-51,N0002411C2307,unbucketed,2,3,0.5,0.2256,no,no
ddg,DDG-51,N0002411C2309,coatings,1,2,0.0,0.0,no,yes
ddg,DDG-51,N0002411C2309,coatings,2,3,1.0,1.0,yes,yes
ddg,DDG-51,N0002411C2309,coatings,3,4,0.0,0.0,no,no
ddg,DDG-51,N0002411C2309,electrical,1,2,0.5,0.4337,no,no
ddg,DDG-51,N0002411C2309,electrical,2,3,1.0,0.9011,yes,yes
ddg,DDG-51,N0002411C2309,electrical,3,4,0.5,0.9858,yes,yes
ddg,DDG-51,N0002411C2309,electrical,4,5,1.0,0.1677,no,no
ddg,DDG-51,N0002411C2309,electrical,5,6,0.0,0.0,no,no
ddg,DDG-51,N0002411C2309,hvac,1,2,1.0,1.0,yes,yes
ddg,DDG-51,N0002411C2309,hvac,2,3,0.0,0.0,no,no
ddg,DDG-51,N0002411C2309,hvac,3,4,1.0,1.0,yes,no
ddg,DDG-51,N0002411C2309,hvac,4,5,1.0,1.0,yes,no
ddg,DDG-51,N0002411C2309,hvac,5,6,0.5,0.9917,yes,no
ddg,DDG-51,N0002411C2309,machining,1,2,1.0,1.0,yes,yes
ddg,DDG-51,N0002411C2309,machining,2,3,0.3333,0.6015,no,no
ddg,DDG-51,N0002411C2309,machining,3,4,0.3333,0.1843,no,no
ddg,DDG-51,N0002411C2309,machining,4,5,1.0,0.7251,yes,no
ddg,DDG-51,N0002411C2309,machining,5,6,1.0,1.0,yes,no
ddg,DDG-51,N0002411C2309,machining,6,7,0.3333,0.2769,no,no
ddg,DDG-51,N0002411C2309,piping,1,2,0.0,0.0,no,no
ddg,DDG-51,N0002411C2309,piping,2,3,0.0,0.0,no,yes
ddg,DDG-51,N0002411C2309,piping,3,4,0.0,0.0,no,no
ddg,DDG-51,N0002411C2309,piping,4,5,0.6667,0.3299,no,no
ddg,DDG-51,N0002411C2309,piping,5,6,1.0,0.9805,yes,yes
ddg,DDG-51,N0002411C2309,structural,1,2,1.0,0.9945,yes,yes
ddg,DDG-51,N0002411C2309,structural,2,3,1.0,1.0,yes,yes
ddg,DDG-51,N0002411C2309,structural,3,4,0.0,0.0,no,yes
ddg,DDG-51,N0002411C2309,structural,4,5,0.0,0.0,no,yes
ddg,DDG-51,N0002411C2309,structural,5,6,0.3333,0.9591,yes,yes
ddg,DDG-51,N0002411C2309,structural,6,7,0.0,0.0,no,yes
ddg,DDG-51,N0002411C2309,structural,7,8,0.6667,0.6836,yes,yes
ddg,DDG-51,N0002411C2309,unbucketed,1,2,0.0909,0.0295,no,no
ddg,DDG-51,N0002411C2309,unbucketed,2,3,0.3333,0.0035,no,no
ddg,DDG-51,N0002411C2309,unbucketed,3,4,0.5,0.9781,yes,no
ddg,DDG-51,N0002412C2312,unbucketed,1,2,1.0,1.0,yes,no
ddg,DDG-51,N0002412C2312,unbucketed,2,3,0.5,0.0813,no,no
ddg,DDG-51,N0002412C2312,unbucketed,3,4,0.0,0.0,no,no
ddg,DDG-51,N0002412C2312,unbucketed,4,5,0.0,0.0,no,no
ddg,DDG-51,N0002413C2305,electrical,1,2,0.0,0.0,no,no
ddg,DDG-51,N0002413C2305,electrical,2,3,0.0,0.0,no,no
ddg,DDG-51,N0002413C2305,electrical,3,4,0.0,0.0,no,no
ddg,DDG-51,N0002413C2305,hvac,1,2,0.0,0.0,no,yes
ddg,DDG-51,N0002413C2305,hvac,2,3,0.0,0.0,no,no
ddg,DDG-51,N0002413C2305,hvac,3,4,0.0,0.0,no,no
ddg,DDG-51,N0002413C2305,hvac,4,5,0.3333,0.4048,no,no
ddg,DDG-51,N0002413C2305,machining,1,2,0.5,0.997,yes,no
ddg,DDG-51,N0002413C2305,machining,2,3,0.5,0.8966,yes,no
ddg,DDG-51,N0002413C2305,machining,3,4,0.0,0.0,no,no
ddg,DDG-51,N0002413C2305,machining,4,5,0.5,0.9558,yes,no
ddg,DDG-51,N0002413C2305,piping,1,2,0.0,0.0,no,no
ddg,DDG-51,N0002413C2305,piping,2,3,0.0,0.0,no,no
ddg,DDG-51,N0002413C2305,structural,1,2,0.0,0.0,no,no
ddg,DDG-51,N0002413C2305,unbucketed,1,2,0.0,0.0,no,no
ddg,DDG-51,N0002413C2305,unbucketed,2,3,0.0,0.0,no,no
ddg,DDG-51,N0002413C2305,unbucketed,3,4,0.0,0.0,no,no
ddg,DDG-51,N0002413C2305,unbucketed,4,5,0.0,0.0,no,no
ddg,DDG-51,N0002413C2305,unbucketed,5,6,0.0,0.0,no,no
ddg,DDG-51,N0002413C2307,castings,1,2,1.0,1.0,yes,yes
ddg,DDG-51,N0002413C2307,castings,2,3,1.0,0.9999,yes,yes
ddg,DDG-51,N0002413C2307,castings,3,4,1.0,0.1751,no,no
ddg,DDG-51,N0002413C2307,castings,4,5,0.0,0.0,no,no
ddg,DDG-51,N0002413C2307,castings,5,6,1.0,1.0,yes,yes
ddg,DDG-51,N0002413C2307,castings,6,7,0.0,0.0,no,no
ddg,DDG-51,N0002413C2307,coatings,1,2,1.0,0.852,yes,yes
ddg,DDG-51,N0002413C2307,coatings,2,3,0.0,0.0,no,yes
ddg,DDG-51,N0002413C2307,coatings,3,4,0.5,0.1919,no,yes
ddg,DDG-51,N0002413C2307,coatings,4,5,1.0,0.9814,yes,yes
ddg,DDG-51,N0002413C2307,coatings,5,6,0.5,0.542,no,yes
ddg,DDG-51,N0002413C2307,coatings,6,7,1.0,0.8404,yes,yes
ddg,DDG-51,N0002413C2307,coatings,7,8,0.5,0.9482,yes,yes
ddg,DDG-51,N0002413C2307,coatings,8,9,0.5,0.0051,no,no
ddg,DDG-51,N0002413C2307,coatings,9,10,0.0,0.0,no,no
ddg,DDG-51,N0002413C2307,coatings,10,11,0.0,0.0,no,no
ddg,DDG-51,N0002413C2307,coatings,11,12,1.0,0.8761,yes,yes
ddg,DDG-51,N0002413C2307,coatings,12,13,1.0,1.0,yes,yes
ddg,DDG-51,N0002413C2307,electrical,1,2,0.7,0.7583,no,no
ddg,DDG-51,N0002413C2307,electrical,2,3,0.6,0.1771,no,no
ddg,DDG-51,N0002413C2307,electrical,3,4,1.0,0.3796,no,no
ddg,DDG-51,N0002413C2307,electrical,4,5,0.6667,0.1085,no,no
ddg,DDG-51,N0002413C2307,electrical,5,6,0.5,0.0018,no,no
ddg,DDG-51,N0002413C2307,electrical,6,7,1.0,0.0308,no,no
ddg,DDG-51,N0002413C2307,electrical,7,8,0.0,0.0,no,no
ddg,DDG-51,N0002413C2307,hvac,1,2,1.0,0.9986,yes,yes
ddg,DDG-51,N0002413C2307,hvac,2,3,1.0,0.9839,yes,no
ddg,DDG-51,N0002413C2307,hvac,3,4,0.1667,0.0396,no,no
ddg,DDG-51,N0002413C2307,hvac,4,5,1.0,0.0512,no,yes
ddg,DDG-51,N0002413C2307,hvac,5,6,0.2,0.009,no,no
ddg,DDG-51,N0002413C2307,hvac,6,7,0.5,0.068,no,no
ddg,DDG-51,N0002413C2307,hvac,7,8,0.1667,0.064,no,no
ddg,DDG-51,N0002413C2307,hvac,8,9,0.75,0.9689,yes,yes
ddg,DDG-51,N0002413C2307,hvac,9,10,1.0,0.9962,yes,yes
ddg,DDG-51,N0002413C2307,hvac,10,11,1.0,0.981,yes,yes
ddg,DDG-51,N0002413C2307,hvac,11,12,0.0,0.0,no,yes
ddg,DDG-51,N0002413C2307,hvac,12,13,0.5,0.4541,no,yes
ddg,DDG-51,N0002413C2307,machining,1,2,1.0,0.9994,yes,yes
ddg,DDG-51,N0002413C2307,machining,2,3,0.8,0.1371,no,yes
ddg,DDG-51,N0002413C2307,machining,3,4,0.7143,0.1388,no,yes
ddg,DDG-51,N0002413C2307,machining,4,5,1.0,0.9974,yes,no
ddg,DDG-51,N0002413C2307,machining,5,6,0.0,0.0,no,no
ddg,DDG-51,N0002413C2307,machining,6,7,1.0,1.0,yes,yes
ddg,DDG-51,N0002413C2307,machining,7,8,0.0,0.0,no,no
ddg,DDG-51,N0002413C2307,machining,8,9,0.0,0.0,no,no
ddg,DDG-51,N0002413C2307,piping,1,2,0.8571,0.3831,no,yes
ddg,DDG-51,N0002413C2307,piping,2,3,0.5,0.1411,no,no
ddg,DDG-51,N0002413C2307,piping,3,4,0.2,0.1226,no,no
ddg,DDG-51,N0002413C2307,piping,4,5,0.0,0.0,no,no
ddg,DDG-51,N0002413C2307,piping,5,6,0.0,0.0,no,no
ddg,DDG-51,N0002413C2307,piping,6,7,0.0,0.0,no,no
ddg,DDG-51,N0002413C2307,structural,1,2,0.3684,0.3518,no,no
ddg,DDG-51,N0002413C2307,structural,2,3,0.75,0.7963,yes,yes
ddg,DDG-51,N0002413C2307,structural,3,4,0.3333,0.5697,no,yes
ddg,DDG-51,N0002413C2307,structural,4,5,0.6667,0.0337,no,yes
ddg,DDG-51,N0002413C2307,structural,5,6,0.5,0.8674,yes,yes
ddg,DDG-51,N0002413C2307,structural,6,7,1.0,,no,yes
ddg,DDG-51,N0002413C2307,unbucketed,1,2,0.0,0.0,no,no
ddg,DDG-51,N0002413C2307,unbucketed,2,3,0.0,0.0,no,no
ddg,DDG-51,N0002413C2307,unbucketed,3,4,0.0,,no,no
ddg,DDG-51,N0002413C2307,unbucketed,4,5,1.0,,no,no
ddg,DDG-51,N0002414C4313,electrical,1,2,0.0,0.0,no,no
ddg,DDG-51,N0002414C4313,electrical,2,3,0.5,0.687,no,no
ddg,DDG-51,N0002414C4313,hvac,1,2,0.0,0.0,no,no
ddg,DDG-51,N0002414C4313,machining,1,2,1.0,0.398,no,no
ddg,DDG-51,N0002414C4313,machining,2,3,1.0,0.7035,no,no
ddg,DDG-51,N0002414C4313,piping,1,2,0.0,0.0,no,no
ddg,DDG-51,N0002414C4313,piping,2,3,0.0,0.0,no,no
ddg,DDG-51,N0002414C4313,structural,1,2,1.0,1.0,yes,yes
ddg,DDG-51,N0002414C4313,structural,2,3,0.0,0.0,no,yes
ddg,DDG-51,N0002414C4313,unbucketed,1,2,0.0,0.0,no,no
ddg,DDG-51,N0002414C4313,unbucketed,2,3,1.0,1.0,yes,no
ddg,DDG-51,N0002414C4313,unbucketed,3,4,0.0,0.0,no,no
ddg,DDG-51,N0002414C4313,unbucketed,4,5,0.3333,0.3131,no,no
ddg,DDG-51,N0002414C4313,unbucketed,5,6,0.0,0.0,no,no
ddg,DDG-51,N0002414C4313,unbucketed,6,7,0.0,0.0,no,no
ddg,DDG-51,N0002418C2305,electrical,1,2,0.0,0.0,no,no
ddg,DDG-51,N0002418C2305,electrical,2,3,0.0,0.0,no,no
ddg,DDG-51,N0002418C2305,electrical,3,4,0.0,0.0,no,no
ddg,DDG-51,N0002418C2305,electrical,4,5,1.0,0.0107,no,no
ddg,DDG-51,N0002418C2305,hvac,1,2,0.0,0.0,no,no
ddg,DDG-51,N0002418C2305,machining,1,2,0.0,0.0,no,no
ddg,DDG-51,N0002418C2305,piping,1,2,0.0,0.0,no,no
ddg,DDG-51,N0002418C2305,piping,2,3,0.0,0.0,no,no
ddg,DDG-51,N0002418C2305,structural,1,2,0.0,0.0,no,yes
ddg,DDG-51,N0002418C2305,unbucketed,1,2,0.0,0.0,no,no
ddg,DDG-51,N0002418C2305,unbucketed,2,3,0.0,0.0,no,no
ddg,DDG-51,N0002418C2305,unbucketed,3,4,0.0,0.0,no,no
ddg,DDG-51,N0002418C2305,unbucketed,4,5,0.0,0.0,no,no
ddg,DDG-51,N0002418C2307,castings,1,2,1.0,0.998,yes,yes
ddg,DDG-51,N0002418C2307,castings,2,3,1.0,0.9994,yes,yes
ddg,DDG-51,N0002418C2307,castings,3,4,0.5,0.9976,yes,yes
ddg,DDG-51,N0002418C2307,castings,4,5,0.5,0.0022,no,yes
ddg,DDG-51,N0002418C2307,castings,5,6,0.5,0.8903,yes,yes
ddg,DDG-51,N0002418C2307,castings,6,7,1.0,0.0326,no,no
ddg,DDG-51,N0002418C2307,castings,7,8,0.0,0.0,no,no
ddg,DDG-51,N0002418C2307,castings,8,9,0.0,0.0,no,yes
ddg,DDG-51,N0002418C2307,castings,9,10,0.2,0.078,no,no
ddg,DDG-51,N0002418C2307,coatings,1,2,1.0,1.0,yes,yes
ddg,DDG-51,N0002418C2307,coatings,2,3,0.3333,0.1457,no,no
ddg,DDG-51,N0002418C2307,coatings,3,4,0.75,0.969,yes,yes
ddg,DDG-51,N0002418C2307,coatings,4,5,0.0,0.0,no,no
ddg,DDG-51,N0002418C2307,coatings,5,6,1.0,1.0,yes,yes
ddg,DDG-51,N0002418C2307,coatings,6,7,0.0,0.0,no,no
ddg,DDG-51,N0002418C2307,coatings,7,8,0.3333,0.8511,yes,yes
ddg,DDG-51,N0002418C2307,electrical,1,2,0.5,0.0075,no,no
ddg,DDG-51,N0002418C2307,electrical,2,3,0.0952,0.0767,no,no
ddg,DDG-51,N0002418C2307,hvac,1,2,1.0,0.9732,yes,yes
ddg,DDG-51,N0002418C2307,hvac,2,3,0.5,0.0049,no,no
ddg,DDG-51,N0002418C2307,hvac,3,4,1.0,0.9845,yes,yes
ddg,DDG-51,N0002418C2307,hvac,4,5,0.1,0.1252,no,no
ddg,DDG-51,N0002418C2307,hvac,5,6,0.6667,0.6243,no,yes
ddg,DDG-51,N0002418C2307,hvac,6,7,1.0,0.7784,no,no
ddg,DDG-51,N0002418C2307,hvac,7,8,0.0,0.0,no,no
ddg,DDG-51,N0002418C2307,machining,1,2,1.0,0.9979,yes,no
ddg,DDG-51,N0002418C2307,machining,2,3,0.3333,0.0019,no,no
ddg,DDG-51,N0002418C2307,machining,3,4,0.6667,0.4764,no,yes
ddg,DDG-51,N0002418C2307,machining,4,5,0.2857,0.0243,no,no
ddg,DDG-51,N0002418C2307,machining,5,6,0.625,0.9392,yes,yes
ddg,DDG-51,N0002418C2307,piping,1,2,0.6562,0.1341,no,no
ddg,DDG-51,N0002418C2307,structural,1,2,0.625,0.0816,no,yes
ddg,DDG-51,N0002418C2307,structural,2,3,0.2424,0.2637,no,yes
ddg,DDG-51,N0002419C2322,electrical,1,2,1.0,1.0,yes,yes
ddg,DDG-51,N0002419C2322,electrical,2,3,0.0,0.0,no,no
ddg,DDG-51,N0002419C2322,electrical,3,4,0.0,0.0,no,no
ddg,DDG-51,N0002419C2322,electrical,4,5,0.0,0.0,no,no
ddg,DDG-51,N0002419C2322,hvac,1,2,0.0,0.0,no,no
ddg,DDG-51,N0002419C2322,machining,1,2,0.0,0.0,no,no
ddg,DDG-51,N0002419C2322,piping,1,2,0.0,0.0,no,no
ddg,DDG-51,N0002419C2322,piping,2,3,0.3333,0.6766,no,no
ddg,DDG-51,N0002419C2322,piping,3,4,0.25,0.2997,no,yes
ddg,DDG-51,N0002419C2322,piping,4,5,0.25,0.0413,no,yes
ddg,DDG-51,N0002419C2322,structural,1,2,0.5,0.4761,no,yes
ddg,DDG-51,N0002419C2322,structural,2,3,1.0,0.7412,yes,yes
ddg,DDG-51,N0002419C2322,structural,3,4,1.0,1.0,yes,yes
ddg,DDG-51,N0002419C2322,structural,4,5,0.0,0.0,no,yes
ddg,DDG-51,N0002419C2322,unbucketed,1,2,0.0455,0.0049,no,no
ddg,DDG-51,N0002419C4452,electrical,1,2,1.0,1.0,yes,yes
ddg,DDG-51,N0002419C4452,electrical,2,3,0.0,0.0,no,no
ddg,DDG-51,N0002419C4452,electrical,3,4,0.0,0.0,no,no
ddg,DDG-51,N0002419C4452,electrical,4,5,0.0,0.0,no,no
ddg,DDG-51,N0002419C4452,hvac,1,2,0.0,0.0,no,no
ddg,DDG-51,N0002419C4452,hvac,2,3,0.0,0.0,no,yes
ddg,DDG-51,N0002419C4452,machining,1,2,0.0,0.0,no,no
ddg,DDG-51,N0002419C4452,piping,1,2,0.2857,0.4546,no,no
ddg,DDG-51,N0002419C4452,piping,2,3,0.6,0.0905,no,no
ddg,DDG-51,N0002419C4452,structural,1,2,1.0,0.0385,no,yes
ddg,DDG-51,N0002419C4452,structural,2,3,0.0,0.0,no,yes
ddg,DDG-51,N0002419C4452,structural,3,4,0.3333,0.9346,yes,yes
ddg,DDG-51,N0002419C4452,structural,4,5,1.0,0.0138,no,yes
ddg,DDG-51,N0002419C4452,unbucketed,1,2,0.0,0.0,no,no
ddg,DDG-51,N0002419C4452,unbucketed,2,3,0.1111,0.0172,no,no
ddg,DDG-51,N0002419C4452,unbucketed,3,4,0.0,0.0,no,no
ddg,DDG-51,N0002419C4452,unbucketed,4,5,1.0,0.1796,no,no
ddg,DDG-51,N0002419C4452,unbucketed,5,6,0.0,0.0,no,no
ddg,DDG-51,N0002423C2307,castings,1,2,0.0,0.0,no,no
ddg,DDG-51,N0002423C2307,castings,2,3,0.0,0.0,no,yes
ddg,DDG-51,N0002423C2307,castings,3,4,0.0,0.0,no,yes
ddg,DDG-51,N0002423C2307,electrical,1,2,1.0,0.0109,no,no
ddg,DDG-51,N0002423C2307,electrical,2,3,0.5,0.3739,no,no
ddg,DDG-51,N0002423C2307,electrical,3,4,0.0,0.0,no,no
ddg,DDG-51,N0002423C2307,hvac,1,2,0.0,0.0,no,no
ddg,DDG-51,N0002423C2307,hvac,2,3,0.0,0.0,no,no
ddg,DDG-51,N0002423C2307,hvac,3,4,1.0,0.7493,yes,yes
ddg,DDG-51,N0002423C2307,machining,1,2,0.25,0.4702,no,no
ddg,DDG-51,N0002423C2307,machining,2,3,0.5,0.8339,no,no
ddg,DDG-51,N0002423C2307,structural,1,2,0.0,0.0,no,no
ddg,DDG-51,N0002423C2307,structural,2,3,0.2222,0.4529,no,no
ddg,DDG-51,N0002423C2307,unbucketed,1,2,0.0,0.0,no,no
ddg,DDG-51,N0002423C2307,unbucketed,2,3,0.5,0.9939,yes,yes
ddg,DDG-51,N0002423C2307,unbucketed,3,4,0.0,0.0,no,no
