naics6,desc,primary_vendors_in_dataset,primary_dollars_$M_in_dataset,primary_pct_dollars_in_dataset,category_id,category,rule_strength,candidate_category,mapping_note
111110,Soybean Farming,0,0,0,17,"Business, staffing, training & other support",support_service,,Nonmanufacturing support/service capability.
115115,Farm Labor Contractors and Crew Leaders,0,0,0,17,"Business, staffing, training & other support",support_service,,Nonmanufacturing support/service capability.
115310,Support Activities for Forestry,0,0,0,17,"Business, staffing, training & other support",support_service,,Nonmanufacturing support/service capability.
212319,Other Crushed and Broken Stone Mining and Quarrying,0,0,0,08,"Polymers, elastomers, composites & formulated materials",direct,,Specific process/product NAICS.
212322,Industrial Sand Mining,0,0,0,08,"Polymers, elastomers, composites & formulated materials",direct,,Specific process/product NAICS.
213112,Support Activities for Oil and Gas Operations,0,0,0,17,"Business, staffing, training & other support",support_service,,Nonmanufacturing support/service capability.
221111,Hydroelectric Power Generation,0,0,0,17,"Business, staffing, training & other support",support_service,,Nonmanufacturing support/service capability.
221112,Fossil Fuel Electric Power Generation,0,0,0,17,"Business, staffing, training & other support",support_service,,Nonmanufacturing support/service capability.
221113,Nuclear Electric Power Generation,0,0,0,17,"Business, staffing, training & other support",support_service,,Nonmanufacturing support/service capability.
221114,Solar Electric Power Generation,0,0,0,17,"Business, staffing, training & other support",support_service,,Nonmanufacturing support/service capability.
221115,Wind Electric Power Generation,0,0,0,17,"Business, staffing, training & other support",support_service,,Nonmanufacturing support/service capability.
221118,Other Electric Power Generation,0,0,0,17,"Business, staffing, training & other support",support_service,,Nonmanufacturing support/service capability.
221122,Electric Power Distribution,0,0,0,17,"Business, staffing, training & other support",support_service,,Nonmanufacturing support/service capability.
221210,Natural Gas Distribution,0,0,0,17,"Business, staffing, training & other support",support_service,,Nonmanufacturing support/service capability.
221310,WATER SUPPLY AND IRRIGATION SYSTEMS,3,2.51,0.02,17,"Business, staffing, training & other support",support_service,,Nonmanufacturing support/service capability.
221320,Sewage Treatment Facilities,0,0,0,17,"Business, staffing, training & other support",support_service,,Nonmanufacturing support/service capability.
236115,New Single-Family Housing Construction (except For-Sale Builders),0,0,0,15,"Installation, construction, maintenance & repair",business_model,,Construction/installation/maintenance/repair business model.
236116,New Multifamily Housing Construction (except For-Sale Builders),0,0,0,15,"Installation, construction, maintenance & repair",business_model,,Construction/installation/maintenance/repair business model.
236117,New Housing For-Sale Builders,0,0,0,15,"Installation, construction, maintenance & repair",business_model,,Construction/installation/maintenance/repair business model.
236118,Residential Remodelers,0,0,0,15,"Installation, construction, maintenance & repair",business_model,,Construction/installation/maintenance/repair business model.
236210,INDUSTRIAL BUILDING CONSTRUCTION,6,19.22,0.15,15,"Installation, construction, maintenance & repair",business_model,,Construction/installation/maintenance/repair business model.
236220,COMMERCIAL AND INSTITUTIONAL BUILDING CONSTRUCTION,7,14.2,0.11,15,"Installation, construction, maintenance & repair",business_model,,Construction/installation/maintenance/repair business model.
237110,Water and Sewer Line and Related Structures Construction,0,0,0,15,"Installation, construction, maintenance & repair",business_model,,Construction/installation/maintenance/repair business model.
237120,Oil and Gas Pipeline and Related Structures Construction,0,0,0,15,"Installation, construction, maintenance & repair",business_model,,Construction/installation/maintenance/repair business model.
237130,Power and Communication Line and Related Structures Construction,0,0,0,15,"Installation, construction, maintenance & repair",business_model,,Construction/installation/maintenance/repair business model.
237310,"Highway, Street, and Bridge Construction",0,0,0,15,"Installation, construction, maintenance & repair",business_model,,Construction/installation/maintenance/repair business model.
237990,Other Heavy and Civil Engineering Construction,1,0.83,0.01,15,"Installation, construction, maintenance & repair",business_model,,Construction/installation/maintenance/repair business model.
238110,Poured Concrete Foundation and Structure Contractors,0,0,0,15,"Installation, construction, maintenance & repair",business_model,,Construction/installation/maintenance/repair business model.
238120,Structural Steel and Precast Concrete Contractors,0,0,0,15,"Installation, construction, maintenance & repair",business_model,,Construction/installation/maintenance/repair business model.
238130,Framing Contractors,0,0,0,15,"Installation, construction, maintenance & repair",business_model,,Construction/installation/maintenance/repair business model.
238150,Glass and Glazing Contractors,0,0,0,15,"Installation, construction, maintenance & repair",business_model,,Construction/installation/maintenance/repair business model.
238160,Roofing Contractors,0,0,0,15,"Installation, construction, maintenance & repair",business_model,,Construction/installation/maintenance/repair business model.
238170,Siding Contractors,0,0,0,15,"Installation, construction, maintenance & repair",business_model,,Construction/installation/maintenance/repair business model.
238190,"OTHER FOUNDATION, STRUCTURE, AND BUILDING EXTERIOR CONTRACTORS",0,0,0,15,"Installation, construction, maintenance & repair",business_model,,Construction/installation/maintenance/repair business model.
238210,Electrical Contractors and Other Wiring Installation Contractors,4,37.68,0.29,15,"Installation, construction, maintenance & repair",business_model,,Construction/installation/maintenance/repair business model.
238220,"Plumbing, Heating, and Air-Conditioning Contractors",1,0.28,0.0,15,"Installation, construction, maintenance & repair",business_model,,Construction/installation/maintenance/repair business model.
238290,Other Building Equipment Contractors,1,9.69,0.07,15,"Installation, construction, maintenance & repair",business_model,,Construction/installation/maintenance/repair business model.
238310,Drywall and Insulation Contractors,0,0,0,15,"Installation, construction, maintenance & repair",business_model,,Construction/installation/maintenance/repair business model.
238320,Painting and Wall Covering Contractors,2,11.5,0.09,15,"Installation, construction, maintenance & repair",business_model,,Construction/installation/maintenance/repair business model.
238330,Flooring Contractors,0,0,0,15,"Installation, construction, maintenance & repair",business_model,,Construction/installation/maintenance/repair business model.
238340,Tile and Terrazzo Contractors,0,0,0,15,"Installation, construction, maintenance & repair",business_model,,Construction/installation/maintenance/repair business model.
238350,Finish Carpentry Contractors,1,0.19,0.0,15,"Installation, construction, maintenance & repair",business_model,,Construction/installation/maintenance/repair business model.
238390,Other Building Finishing Contractors,0,0,0,15,"Installation, construction, maintenance & repair",business_model,,Construction/installation/maintenance/repair business model.
238910,Site Preparation Contractors,0,0,0,15,"Installation, construction, maintenance & repair",business_model,,Construction/installation/maintenance/repair business model.
238990,All Other Specialty Trade Contractors,3,0.94,0.01,15,"Installation, construction, maintenance & repair",business_model,,Construction/installation/maintenance/repair business model.
313320,Fabric Coating Mills,0,0,0,08,"Polymers, elastomers, composites & formulated materials",direct,,Specific process/product NAICS.
314910,Textile Bag and Canvas Mills,2,0.41,0.0,18,"Interiors, safety gear & miscellaneous manufactured products",direct_family,,Finished interior/wood/paper/textile/furniture product family.
314999,All Other Miscellaneous Textile Product Mills,0,0,0,18,"Interiors, safety gear & miscellaneous manufactured products",direct_family,,Finished interior/wood/paper/textile/furniture product family.
315220,Men's and Boy's Cut and Sew Apparel Manufacturing,0,0,0,18,"Interiors, safety gear & miscellaneous manufactured products",direct_family,,Finished interior/wood/paper/textile/furniture product family.
315240,"Women’s, Girls’, and Infants’ Cut and Sew Apparel Manufacturing",0,0,0,18,"Interiors, safety gear & miscellaneous manufactured products",direct_family,,Finished interior/wood/paper/textile/furniture product family.
315250,Cut and Sew Apparel Manufacturing (except Contractors),0,0,0,18,"Interiors, safety gear & miscellaneous manufactured products",direct_family,,Finished interior/wood/paper/textile/furniture product family.
315990,Apparel Accessories and Other Apparel Manufacturing,0,0,0,18,"Interiors, safety gear & miscellaneous manufactured products",direct_family,,Finished interior/wood/paper/textile/furniture product family.
316210,Footwear Manufacturing,0,0,0,18,"Interiors, safety gear & miscellaneous manufactured products",direct_family,,Finished interior/wood/paper/textile/furniture product family.
316990,Other Leather and Allied Product Manufacturing,0,0,0,18,"Interiors, safety gear & miscellaneous manufactured products",direct_family,,Finished interior/wood/paper/textile/furniture product family.
321211,Hardwood Veneer and Plywood Manufacturing,0,0,0,18,"Interiors, safety gear & miscellaneous manufactured products",direct_family,,Finished interior/wood/paper/textile/furniture product family.
321212,Softwood Veneer and Plywood Manufacturing,0,0,0,18,"Interiors, safety gear & miscellaneous manufactured products",direct_family,,Finished interior/wood/paper/textile/furniture product family.
321213,Engineered Wood Member (except Truss) Manufacturing,1,0.43,0.0,18,"Interiors, safety gear & miscellaneous manufactured products",direct_family,,Finished interior/wood/paper/textile/furniture product family.
321214,Truss Manufacturing,0,0,0,18,"Interiors, safety gear & miscellaneous manufactured products",direct_family,,Finished interior/wood/paper/textile/furniture product family.
321219,Reconstituted Wood Product Manufacturing,0,0,0,18,"Interiors, safety gear & miscellaneous manufactured products",direct_family,,Finished interior/wood/paper/textile/furniture product family.
321912,"Cut Stock, Resawing Lumber, and Planing",0,0,0,18,"Interiors, safety gear & miscellaneous manufactured products",direct_family,,Finished interior/wood/paper/textile/furniture product family.
321920,Wood Container and Pallet Manufacturing,0,0,0,18,"Interiors, safety gear & miscellaneous manufactured products",direct_family,,Finished interior/wood/paper/textile/furniture product family.
321992,Prefabricated Wood Building Manufacturing,0,0,0,18,"Interiors, safety gear & miscellaneous manufactured products",direct_family,,Finished interior/wood/paper/textile/furniture product family.
321999,All Other Miscellaneous Wood Product Manufacturing,0,0,0,18,"Interiors, safety gear & miscellaneous manufactured products",direct_family,,Finished interior/wood/paper/textile/furniture product family.
322211,Corrugated and Solid Fiber Box Manufacturing,1,2.59,0.02,18,"Interiors, safety gear & miscellaneous manufactured products",direct_family,,Finished interior/wood/paper/textile/furniture product family.
322230,Stationery Product Manufacturing,0,0,0,18,"Interiors, safety gear & miscellaneous manufactured products",direct_family,,Finished interior/wood/paper/textile/furniture product family.
322299,All Other Converted Paper Product Manufacturing,0,0,0,18,"Interiors, safety gear & miscellaneous manufactured products",direct_family,,Finished interior/wood/paper/textile/furniture product family.
323111,Commercial Printing (except Screen and Books),0,0,0,18,"Interiors, safety gear & miscellaneous manufactured products",direct_family,,Finished interior/wood/paper/textile/furniture product family.
323117,Books Printing,0,0,0,18,"Interiors, safety gear & miscellaneous manufactured products",direct_family,,Finished interior/wood/paper/textile/furniture product family.
325110,Petrochemical Manufacturing,0,0,0,08,"Polymers, elastomers, composites & formulated materials",direct_family,,Chemical/material formulation family.
325120,Industrial Gas Manufacturing,1,0.23,0.0,08,"Polymers, elastomers, composites & formulated materials",direct_family,,Chemical/material formulation family.
325180,Other Basic Inorganic Chemical Manufacturing,0,0,0,08,"Polymers, elastomers, composites & formulated materials",direct_family,,Chemical/material formulation family.
325199,All Other Basic Organic Chemical Manufacturing,0,0,0,08,"Polymers, elastomers, composites & formulated materials",direct_family,,Chemical/material formulation family.
325211,Plastics Material and Resin Manufacturing,1,1.64,0.01,08,"Polymers, elastomers, composites & formulated materials",direct_family,,Chemical/material formulation family.
325212,Synthetic Rubber Manufacturing,1,218.32,1.67,08,"Polymers, elastomers, composites & formulated materials",direct_family,,Chemical/material formulation family.
325320,Pesticide and Other Agricultural Chemical Manufacturing,0,0,0,08,"Polymers, elastomers, composites & formulated materials",direct_family,,Chemical/material formulation family.
325412,Pharmaceutical Preparation Manufacturing,0,0,0,08,"Polymers, elastomers, composites & formulated materials",direct_family,,Chemical/material formulation family.
325414,Biological Product (except Diagnostic) Manufacturing,0,0,0,08,"Polymers, elastomers, composites & formulated materials",direct_family,,Chemical/material formulation family.
325510,Paint and Coating Manufacturing,2,0.43,0.0,08,"Polymers, elastomers, composites & formulated materials",direct_family,,Chemical/material formulation family.
325520,Adhesive Manufacturing,3,4.97,0.04,08,"Polymers, elastomers, composites & formulated materials",direct_family,,Chemical/material formulation family.
325611,Soap and Other Detergent Manufacturing,0,0,0,08,"Polymers, elastomers, composites & formulated materials",direct_family,,Chemical/material formulation family.
325612,Polish and Other Sanitation Good Manufacturing,0,0,0,08,"Polymers, elastomers, composites & formulated materials",direct_family,,Chemical/material formulation family.
325920,Explosives Manufacturing,0,0,0,12,"Ordnance, launchers & specialized mission hardware",direct,,Specific process/product NAICS.
325991,Custom Compounding of Purchased Resins,2,15.82,0.12,08,"Polymers, elastomers, composites & formulated materials",direct_family,,Chemical/material formulation family.
325998,All Other Miscellaneous Chemical Product and Preparation Manufacturing,1,8.84,0.07,08,"Polymers, elastomers, composites & formulated materials",broad_direct,,Broad chemical preparation code within a coherent materials process family.
326111,Plastics Bag and Pouch Manufacturing,0,0,0,08,"Polymers, elastomers, composites & formulated materials",direct_family,,Plastics/rubber processing family.
326113,UNLAMINATED PLASTICS FILM AND SHEET (EXCEPT PACKAGING) MANUFACTURING,1,1.45,0.01,08,"Polymers, elastomers, composites & formulated materials",direct_family,,Plastics/rubber processing family.
326121,Unlaminated Plastics Profile Shape Manufacturing,0,0,0,08,"Polymers, elastomers, composites & formulated materials",direct_family,,Plastics/rubber processing family.
326122,Plastics Pipe and Pipe Fitting Manufacturing,0,0,0,08,"Polymers, elastomers, composites & formulated materials",direct_family,,Plastics/rubber processing family.
326130,"Laminated Plastics Plate, Sheet (except Packaging), and Shape Manufacturing",2,65.59,0.5,08,"Polymers, elastomers, composites & formulated materials",direct_family,,Plastics/rubber processing family.
326150,Urethane and Other Foam Product (except Polystyrene) Manufacturing,1,0.15,0.0,08,"Polymers, elastomers, composites & formulated materials",direct_family,,Plastics/rubber processing family.
326199,ALL OTHER PLASTICS PRODUCT MANUFACTURING,3,0.91,0.01,08,"Polymers, elastomers, composites & formulated materials",broad_direct,,Broad plastics-product code within a coherent materials process family.
326220,Rubber and Plastics Hoses and Belting Manufacturing,3,0.64,0.0,08,"Polymers, elastomers, composites & formulated materials",direct_family,,Plastics/rubber processing family.
326291,Rubber Product Manufacturing for Mechanical Use,6,128.45,0.98,08,"Polymers, elastomers, composites & formulated materials",direct_family,,Plastics/rubber processing family.
326299,All Other Rubber Product Manufacturing,2,0.48,0.0,08,"Polymers, elastomers, composites & formulated materials",broad_direct,,Broad rubber-product code within a coherent materials process family.
327211,Flat Glass Manufacturing,0,0,0,08,"Polymers, elastomers, composites & formulated materials",direct_family,,Nonmetallic mineral/glass/abrasive processing family.
327215,Glass Product Manufacturing Made of Purchased Glass,0,0,0,08,"Polymers, elastomers, composites & formulated materials",direct_family,,Nonmetallic mineral/glass/abrasive processing family.
327390,Other Concrete Product Manufacturing,0,0,0,08,"Polymers, elastomers, composites & formulated materials",direct_family,,Nonmetallic mineral/glass/abrasive processing family.
327910,Abrasive Product Manufacturing,1,0.49,0.0,08,"Polymers, elastomers, composites & formulated materials",direct_family,,Nonmetallic mineral/glass/abrasive processing family.
327999,All Other Miscellaneous Nonmetallic Mineral Product Manufacturing,0,0,0,08,"Polymers, elastomers, composites & formulated materials",broad_direct,,Broad nonmetallic-mineral product code within a coherent materials process family.
331110,Iron and Steel Mills and Ferroalloy Manufacturing,2,2.69,0.02,06,"Primary metals, forgings & castings",direct_family,,Primary-metal family.
331210,Iron and Steel Pipe and Tube Manufacturing from Purchased Steel,0,0,0,06,"Primary metals, forgings & castings",direct_family,,Primary-metal family.
331221,Rolled Steel Shape Manufacturing,0,0,0,06,"Primary metals, forgings & castings",direct_family,,Primary-metal family.
331222,Steel Wire Drawing,0,0,0,06,"Primary metals, forgings & castings",direct_family,,Primary-metal family.
331313,Alumina Refining and Primary Aluminum Production,0,0,0,06,"Primary metals, forgings & castings",direct_family,,Primary-metal family.
331315,"Aluminum Sheet, Plate, and Foil Manufacturing",0,0,0,06,"Primary metals, forgings & castings",direct_family,,Primary-metal family.
331318,"Other Aluminum Rolling, Drawing, and Extruding",0,0,0,06,"Primary metals, forgings & castings",direct_family,,Primary-metal family.
331410,Nonferrous Metal (except Aluminum) Smelting and Refining,0,0,0,06,"Primary metals, forgings & castings",direct_family,,Primary-metal family.
331420,"Copper Rolling, Drawing, Extruding, and Alloying",3,13.56,0.1,06,"Primary metals, forgings & castings",direct_family,,Primary-metal family.
331491,"Nonferrous Metal (except Copper and Aluminum) Rolling, Drawing, and Extruding",3,3.67,0.03,06,"Primary metals, forgings & castings",direct_family,,Primary-metal family.
331492,"Secondary Smelting, Refining, and Alloying of Nonferrous Metal (except Copper and Aluminum)",0,0,0,06,"Primary metals, forgings & castings",direct_family,,Primary-metal family.
331511,Iron Foundries,0,0,0,06,"Primary metals, forgings & castings",direct_family,,Primary-metal family.
331512,Steel Investment Foundries,0,0,0,06,"Primary metals, forgings & castings",direct_family,,Primary-metal family.
331513,Steel Foundries (except Investment),8,82.57,0.63,06,"Primary metals, forgings & castings",direct_family,,Primary-metal family.
331523,Nonferrous Metal Die-Casting Foundries,0,0,0,06,"Primary metals, forgings & castings",direct_family,,Primary-metal family.
331524,Aluminum Foundries (except Die-Casting),2,0.8,0.01,06,"Primary metals, forgings & castings",direct_family,,Primary-metal family.
331529,Other Nonferrous Metal Foundries (except Die-Casting),6,28.11,0.21,06,"Primary metals, forgings & castings",direct_family,,Primary-metal family.
332111,Iron and Steel Forging,7,467.1,3.56,06,"Primary metals, forgings & castings",direct,,Specific process/product NAICS.
332112,Nonferrous Forging,2,10.53,0.08,06,"Primary metals, forgings & castings",direct,,Specific process/product NAICS.
332114,Custom Roll Forming,1,0.52,0.0,07,"Precision machining, hardware & metal finishing",direct,,Specific process/product NAICS.
332117,Powder Metallurgy Part Manufacturing,0,0,0,07,"Precision machining, hardware & metal finishing",direct,,Specific process/product NAICS.
332119,"Metal Crown, Closure, and Other Metal Stamping (except Automotive)",1,0.89,0.01,07,"Precision machining, hardware & metal finishing",direct,,Specific process/product NAICS.
332216,Saw Blade and Handtool Manufacturing,1,3.25,0.02,11,"Industrial machinery, tooling & material handling",direct,,Specific process/product NAICS.
332311,Prefabricated Metal Building and Component Manufacturing,1,0.4,0.0,05,"Structural fabrication, tanks & ship modules",direct,,Specific process/product NAICS.
332312,Fabricated Structural Metal Manufacturing,17,357.01,2.72,05,"Structural fabrication, tanks & ship modules",direct,,Specific process/product NAICS.
332313,Plate Work Manufacturing,6,334.62,2.55,05,"Structural fabrication, tanks & ship modules",direct,,Specific process/product NAICS.
332321,Metal Window and Door Manufacturing,2,10.25,0.08,05,"Structural fabrication, tanks & ship modules",direct,,Specific process/product NAICS.
332322,Sheet Metal Work Manufacturing,6,27.5,0.21,05,"Structural fabrication, tanks & ship modules",direct,,Specific process/product NAICS.
332323,Ornamental and Architectural Metal Work Manufacturing,2,23.49,0.18,05,"Structural fabrication, tanks & ship modules",direct,,Specific process/product NAICS.
332410,Power Boiler and Heat Exchanger Manufacturing,6,339.52,2.59,04,"Thermal management, HVAC & air handling",direct,,Specific process/product NAICS.
332420,Metal Tank (Heavy Gauge) Manufacturing,5,93.01,0.71,05,"Structural fabrication, tanks & ship modules",direct,,Specific process/product NAICS.
332431,Metal Can Manufacturing,0,0,0,05,"Structural fabrication, tanks & ship modules",direct,,Specific process/product NAICS.
332439,Other Metal Container Manufacturing,0,0,0,05,"Structural fabrication, tanks & ship modules",direct,,Specific process/product NAICS.
332510,Hardware Manufacturing,3,2.79,0.02,07,"Precision machining, hardware & metal finishing",direct,,Specific process/product NAICS.
332613,Spring Manufacturing,1,1.52,0.01,07,"Precision machining, hardware & metal finishing",direct,,Specific process/product NAICS.
332618,Other Fabricated Wire Product Manufacturing,2,0.52,0.0,07,"Precision machining, hardware & metal finishing",direct,,Specific process/product NAICS.
332710,Machine Shops,31,220.07,1.68,07,"Precision machining, hardware & metal finishing",direct,,Specific process/product NAICS.
332721,Precision Turned Product Manufacturing,4,13.5,0.1,07,"Precision machining, hardware & metal finishing",direct,,Specific process/product NAICS.
332722,"Bolt, Nut, Screw, Rivet, and Washer Manufacturing",6,3.69,0.03,07,"Precision machining, hardware & metal finishing",direct,,Specific process/product NAICS.
332811,Metal Heat Treating,0,0,0,07,"Precision machining, hardware & metal finishing",direct,,Specific process/product NAICS.
332812,"Metal Coating, Engraving (except Jewelry and Silverware), and Allied Services to Manufacturers",1,0.52,0.0,07,"Precision machining, hardware & metal finishing",direct,,Specific process/product NAICS.
332813,"Electroplating, Plating, Polishing, Anodizing, and Coloring",2,0.57,0.0,07,"Precision machining, hardware & metal finishing",direct,,Specific process/product NAICS.
332911,Industrial Valve Manufacturing,21,545.29,4.16,03,"Fluid systems, flow control & piping",direct,,Specific process/product NAICS.
332912,Fluid Power Valve and Hose Fitting Manufacturing,12,202.04,1.54,03,"Fluid systems, flow control & piping",direct,,Specific process/product NAICS.
332913,Plumbing Fixture Fitting and Trim Manufacturing,0,0,0,03,"Fluid systems, flow control & piping",direct,,Specific process/product NAICS.
332919,Other Metal Valve and Pipe Fitting Manufacturing,6,79.43,0.61,03,"Fluid systems, flow control & piping",direct,,Specific process/product NAICS.
332991,Ball and Roller Bearing Manufacturing,4,35.41,0.27,02,"Propulsion, engines & mechanical power transmission",direct,,Specific process/product NAICS.
332992,Small Arms Ammunition Manufacturing,0,0,0,12,"Ordnance, launchers & specialized mission hardware",direct,,Specific process/product NAICS.
332993,Ammunition (except Small Arms) Manufacturing,0,0,0,12,"Ordnance, launchers & specialized mission hardware",direct,,Specific process/product NAICS.
332994,"Small Arms, Ordnance, and Ordnance Accessories Manufacturing",0,0,0,12,"Ordnance, launchers & specialized mission hardware",direct,,Specific process/product NAICS.
332996,Fabricated Pipe and Pipe Fitting Manufacturing,9,133.49,1.02,03,"Fluid systems, flow control & piping",direct,,Specific process/product NAICS.
332999,All Other Miscellaneous Fabricated Metal Product Manufacturing,16,79.31,0.6,99,Unresolved capability / insufficient evidence,review_trigger,05/07,Generic fabricated-metal code; inspect specific secondary NAICS.
333112,Lawn and Garden Tractor and Home Lawn and Garden Equipment Manufacturing,0,0,0,11,"Industrial machinery, tooling & material handling",direct,,Specific process/product NAICS.
333120,Construction Machinery Manufacturing,1,23.64,0.18,11,"Industrial machinery, tooling & material handling",direct,,Specific process/product NAICS.
333131,Mining Machinery and Equipment Manufacturing,0,0,0,11,"Industrial machinery, tooling & material handling",direct,,Specific process/product NAICS.
333132,Oil and Gas Field Machinery and Equipment Manufacturing,0,0,0,11,"Industrial machinery, tooling & material handling",direct,,Specific process/product NAICS.
333241,Food Product Machinery Manufacturing,0,0,0,11,"Industrial machinery, tooling & material handling",direct,,Specific process/product NAICS.
333242,Semiconductor Machinery Manufacturing,0,0,0,11,"Industrial machinery, tooling & material handling",direct,,Specific process/product NAICS.
333243,"Sawmill, Woodworking, and Paper Machinery Manufacturing",0,0,0,11,"Industrial machinery, tooling & material handling",direct,,Specific process/product NAICS.
333248,All Other Industrial Machinery Manufacturing,2,2.5,0.02,11,"Industrial machinery, tooling & material handling",direct,,Specific process/product NAICS.
333249,Other Industrial Machinery Manufacturing,0,0,0,11,"Industrial machinery, tooling & material handling",direct,,Specific process/product NAICS.
333310,Commercial and Service Industry Machinery Manufacturing,4,61.05,0.47,11,"Industrial machinery, tooling & material handling",broad_direct,,"Broad machinery code, but still a machinery-making capability."
333413,Industrial and Commercial Fan and Blower and Air Purification Equipment Manufacturing,9,41.13,0.31,04,"Thermal management, HVAC & air handling",direct,,Specific process/product NAICS.
333414,Heating Equipment (except Warm Air Furnaces) Manufacturing,6,20.19,0.15,04,"Thermal management, HVAC & air handling",direct,,Specific process/product NAICS.
333415,Air-Conditioning and Warm Air Heating Equipment and Commercial and Industrial Refrigeration Equipment Manufacturing,6,394.57,3.01,04,"Thermal management, HVAC & air handling",direct,,Specific process/product NAICS.
333511,Industrial Mold Manufacturing,0,0,0,11,"Industrial machinery, tooling & material handling",direct,,Specific process/product NAICS.
333514,"Special Die and Tool, Die Set, Jig, and Fixture Manufacturing",0,0,0,11,"Industrial machinery, tooling & material handling",direct,,Specific process/product NAICS.
333515,Cutting Tool and Machine Tool Accessory Manufacturing,0,0,0,11,"Industrial machinery, tooling & material handling",direct,,Specific process/product NAICS.
333517,MACHINE TOOL MANUFACTURING,6,19.3,0.15,11,"Industrial machinery, tooling & material handling",direct,,Specific process/product NAICS.
333519,Rolling Mill and Other Metalworking Machinery Manufacturing,0,0,0,11,"Industrial machinery, tooling & material handling",direct,,Specific process/product NAICS.
333611,Turbine and Turbine Generator Set Units Manufacturing,5,54.78,0.42,02,"Propulsion, engines & mechanical power transmission",direct,,Specific process/product NAICS.
333612,"Speed Changer, Industrial High-Speed Drive, and Gear Manufacturing",3,173.06,1.32,02,"Propulsion, engines & mechanical power transmission",direct,,Specific process/product NAICS.
333613,Mechanical Power Transmission Equipment Manufacturing,4,40.66,0.31,02,"Propulsion, engines & mechanical power transmission",direct,,Specific process/product NAICS.
333618,Other Engine Equipment Manufacturing,1,0.59,0.0,02,"Propulsion, engines & mechanical power transmission",direct,,Specific process/product NAICS.
333912,Air and Gas Compressor Manufacturing,3,60.42,0.46,03,"Fluid systems, flow control & piping",direct,,Specific process/product NAICS.
333914,"Measuring, Dispensing, and Other Pumping Equipment Manufacturing",10,520.81,3.97,03,"Fluid systems, flow control & piping",direct,,Specific process/product NAICS.
333921,Elevator and Moving Stairway Manufacturing,0,0,0,11,"Industrial machinery, tooling & material handling",direct,,Specific process/product NAICS.
333922,Conveyor and Conveying Equipment Manufacturing,0,0,0,11,"Industrial machinery, tooling & material handling",direct,,Specific process/product NAICS.
333923,"Overhead Traveling Crane, Hoist, and Monorail System Manufacturing",3,9.83,0.07,11,"Industrial machinery, tooling & material handling",direct,,Specific process/product NAICS.
333924,"Industrial Truck, Tractor, Trailer, and Stacker Machinery Manufacturing",3,1.16,0.01,11,"Industrial machinery, tooling & material handling",direct,,Specific process/product NAICS.
333991,Power-Driven Handtool Manufacturing,0,0,0,11,"Industrial machinery, tooling & material handling",direct,,Specific process/product NAICS.
333992,Welding and Soldering Equipment Manufacturing,3,14.33,0.11,11,"Industrial machinery, tooling & material handling",direct,,Specific process/product NAICS.
333993,Packaging Machinery Manufacturing,0,0,0,11,"Industrial machinery, tooling & material handling",direct,,Specific process/product NAICS.
333994,Industrial Process Furnace and Oven Manufacturing,1,0.48,0.0,04,"Thermal management, HVAC & air handling",direct,,Specific process/product NAICS.
333995,Fluid Power Cylinder and Actuator Manufacturing,5,76.18,0.58,03,"Fluid systems, flow control & piping",direct,,Specific process/product NAICS.
333996,Fluid Power Pump and Motor Manufacturing,1,0.46,0.0,03,"Fluid systems, flow control & piping",direct,,Specific process/product NAICS.
333998,All Other Miscellaneous General Purpose Machinery Manufacturing,6,56.49,0.43,99,Unresolved capability / insufficient evidence,review_trigger,11,Generic machinery code; inspect specific secondary NAICS.
333999,All Other Miscellaneous General Purpose Machinery Manufacturing,1,0.94,0.01,99,Unresolved capability / insufficient evidence,review_trigger,11,Generic machinery code; inspect specific secondary NAICS.
334111,Electronic Computer Manufacturing,16,29.21,0.22,09,"Electronic components, computers, interconnects & cable",direct,,Specific process/product NAICS.
334112,Computer Storage Device Manufacturing,0,0,0,09,"Electronic components, computers, interconnects & cable",direct,,Specific process/product NAICS.
334118,Computer Terminal and Other Computer Peripheral Equipment Manufacturing,4,4.14,0.03,09,"Electronic components, computers, interconnects & cable",direct,,Specific process/product NAICS.
334210,Telephone Apparatus Manufacturing,0,0,0,10,"Sensors, instrumentation, controls & communications",direct,,Specific process/product NAICS.
334220,Radio and Television Broadcasting and Wireless Communications Equipment Manufacturing,7,41.73,0.32,10,"Sensors, instrumentation, controls & communications",direct,,Specific process/product NAICS.
334290,Other Communications Equipment Manufacturing,4,34.87,0.27,10,"Sensors, instrumentation, controls & communications",direct,,Specific process/product NAICS.
334310,Audio and Video Equipment Manufacturing,1,0.55,0.0,10,"Sensors, instrumentation, controls & communications",direct,,Specific process/product NAICS.
334412,Bare Printed Circuit Board Manufacturing,1,0.7,0.01,09,"Electronic components, computers, interconnects & cable",direct,,Specific process/product NAICS.
334413,Semiconductor and Related Device Manufacturing,0,0,0,09,"Electronic components, computers, interconnects & cable",direct,,Specific process/product NAICS.
334416,"Capacitor, Resistor, Coil, Transformer, and Other Inductor Manufacturing",1,100.78,0.77,09,"Electronic components, computers, interconnects & cable",direct,,Specific process/product NAICS.
334417,Electronic Connector Manufacturing,9,118.69,0.91,09,"Electronic components, computers, interconnects & cable",direct,,Specific process/product NAICS.
334418,Printed Circuit Assembly (Electronic Assembly) Manufacturing,5,5.71,0.04,09,"Electronic components, computers, interconnects & cable",direct,,Specific process/product NAICS.
334419,Other Electronic Component Manufacturing,9,98.78,0.75,09,"Electronic components, computers, interconnects & cable",direct,,Specific process/product NAICS.
334510,Electromedical and Electrotherapeutic Apparatus Manufacturing,0,0,0,10,"Sensors, instrumentation, controls & communications",direct,,Specific process/product NAICS.
334511,"Search, Detection, Navigation, Guidance, Aeronautical, and Nautical System and Instrument Manufacturing",14,153.56,1.17,10,"Sensors, instrumentation, controls & communications",direct,,Specific process/product NAICS.
334512,"Automatic Environmental Control Manufacturing for Residential, Commercial, and Appliance Use",1,0.66,0.01,04,"Thermal management, HVAC & air handling",direct,,Specific process/product NAICS.
334513,"Instruments and Related Products Manufacturing for Measuring, Displaying, and Controlling Industrial Process Variables",19,70.6,0.54,10,"Sensors, instrumentation, controls & communications",direct,,Specific process/product NAICS.
334514,Totalizing Fluid Meter and Counting Device Manufacturing,0,0,0,10,"Sensors, instrumentation, controls & communications",direct,,Specific process/product NAICS.
334515,Instrument Manufacturing for Measuring and Testing Electricity and Electrical Signals,10,107.73,0.82,10,"Sensors, instrumentation, controls & communications",direct,,Specific process/product NAICS.
334516,Analytical Laboratory Instrument Manufacturing,1,1.13,0.01,10,"Sensors, instrumentation, controls & communications",direct,,Specific process/product NAICS.
334517,Irradiation Apparatus Manufacturing,0,0,0,10,"Sensors, instrumentation, controls & communications",direct,,Specific process/product NAICS.
334519,Other Measuring and Controlling Device Manufacturing,8,15.2,0.12,10,"Sensors, instrumentation, controls & communications",direct,,Specific process/product NAICS.
334610,Manufacturing and Reproducing Magnetic and Optical Media,0,0,0,09,"Electronic components, computers, interconnects & cable",direct,,Specific process/product NAICS.
335132,"Commercial, Industrial, and Institutional Electric Lighting Fixture Manufacturing",2,2.66,0.02,01,"Electrical power equipment, conversion & distribution",direct,,Specific process/product NAICS.
335139,Electric Lamp Bulb and Other Lighting Equipment Manufacturing,0,0,0,01,"Electrical power equipment, conversion & distribution",direct,,Specific process/product NAICS.
335220,Major Household Appliance Manufacturing,0,0,0,18,"Interiors, safety gear & miscellaneous manufactured products",direct,,Specific process/product NAICS.
335311,"Power, Distribution, and Specialty Transformer Manufacturing",11,579.98,4.42,01,"Electrical power equipment, conversion & distribution",direct,,Specific process/product NAICS.
335312,Motor and Generator Manufacturing,6,2160.5,16.48,01,"Electrical power equipment, conversion & distribution",direct,,Specific process/product NAICS.
335313,Switchgear and Switchboard Apparatus Manufacturing,7,226.6,1.73,01,"Electrical power equipment, conversion & distribution",direct,,Specific process/product NAICS.
335314,Relay and Industrial Control Manufacturing,3,5.14,0.04,01,"Electrical power equipment, conversion & distribution",direct,,Specific process/product NAICS.
335910,Battery Manufacturing,1,4.36,0.03,01,"Electrical power equipment, conversion & distribution",direct,,Specific process/product NAICS.
335921,Fiber Optic Cable Manufacturing,0,0,0,09,"Electronic components, computers, interconnects & cable",direct,,Specific process/product NAICS.
335929,Other Communication and Energy Wire Manufacturing,4,17.96,0.14,09,"Electronic components, computers, interconnects & cable",direct,,Specific process/product NAICS.
335931,Current-Carrying Wiring Device Manufacturing,3,4.41,0.03,09,"Electronic components, computers, interconnects & cable",direct,,Specific process/product NAICS.
335932,Noncurrent-Carrying Wiring Device Manufacturing,0,0,0,09,"Electronic components, computers, interconnects & cable",direct,,Specific process/product NAICS.
335991,Carbon and Graphite Product Manufacturing,0,0,0,08,"Polymers, elastomers, composites & formulated materials",direct,,Specific process/product NAICS.
335999,All Other Miscellaneous Electrical Equipment and Component Manufacturing,11,97.44,0.74,99,Unresolved capability / insufficient evidence,review_trigger,01/09,Generic electrical-equipment code; inspect power vs electronics evidence.
336120,Heavy Duty Truck Manufacturing,0,0,0,99,Unresolved capability / insufficient evidence,review_trigger,05/11,Transportation end-market code; inspect process codes.
336211,Motor Vehicle Body Manufacturing,0,0,0,99,Unresolved capability / insufficient evidence,review_trigger,05,Transportation end-market/body fabrication; inspect process codes.
336212,Truck Trailer Manufacturing,0,0,0,99,Unresolved capability / insufficient evidence,review_trigger,05,Transportation end-market/trailer fabrication; inspect process codes.
336310,Motor Vehicle Gasoline Engine and Engine Parts Manufacturing,0,0,0,02,"Propulsion, engines & mechanical power transmission",direct,,Specific process/product NAICS.
336320,Motor Vehicle Electrical and Electronic Equipment Manufacturing,0,0,0,09,"Electronic components, computers, interconnects & cable",direct,,Specific process/product NAICS.
336330,Motor Vehicle Steering and Suspension Components (except Spring) Manufacturing,0,0,0,02,"Propulsion, engines & mechanical power transmission",direct,,Specific process/product NAICS.
336340,Motor Vehicle Brake System Manufacturing,0,0,0,02,"Propulsion, engines & mechanical power transmission",direct,,Specific process/product NAICS.
336350,Motor Vehicle Transmission and Power Train Parts Manufacturing,0,0,0,02,"Propulsion, engines & mechanical power transmission",direct,,Specific process/product NAICS.
336360,Motor Vehicle Seating and Interior Trim Manufacturing,0,0,0,18,"Interiors, safety gear & miscellaneous manufactured products",direct,,Specific process/product NAICS.
336390,Other Motor Vehicle Parts Manufacturing,0,0,0,99,Unresolved capability / insufficient evidence,review_trigger,02/05/07/09,Generic vehicle-parts code; inspect process codes.
336411,Aircraft Manufacturing,1,1.0,0.01,99,Unresolved capability / insufficient evidence,review_trigger,specific process category,Aircraft end-market code; inspect process codes.
336412,Aircraft Engine and Engine Parts Manufacturing,6,349.83,2.67,02,"Propulsion, engines & mechanical power transmission",direct,,Specific process/product NAICS.
336413,Other Aircraft Parts and Auxiliary Equipment Manufacturing,13,33.6,0.26,99,Unresolved capability / insufficient evidence,review_trigger,specific process category,Aircraft-parts end-market code; inspect process codes.
336414,Guided Missile and Space Vehicle Manufacturing,1,2.24,0.02,99,Unresolved capability / insufficient evidence,review_trigger,12,Missile/space end-market code; process-specific codes override.
336415,Guided Missile and Space Vehicle Propulsion Unit and Propulsion Unit Parts Manufacturing,2,6.2,0.05,02,"Propulsion, engines & mechanical power transmission",direct,,Specific process/product NAICS.
336419,Other Guided Missile and Space Vehicle Parts and Auxiliary Equipment Manufacturing,2,13.2,0.1,99,Unresolved capability / insufficient evidence,review_trigger,12 or specific process category,Missile/space-parts end-market code; inspect process codes.
336510,Railroad Rolling Stock Manufacturing,0,0,0,99,Unresolved capability / insufficient evidence,review_trigger,05/11,Rail end-market code; inspect process codes.
336611,Ship Building and Repairing,43,1203.02,9.18,13,"Shipyard work, marine integration & outfitting",weak_end_market,,Use 13 only for genuine shipyard/major marine integration; specific process secondaries override.
336612,Boat Building,2,9.79,0.07,13,"Shipyard work, marine integration & outfitting",weak_end_market,,Use 13 only for genuine boat/shipyard integration; specific process secondaries override.
336991,"Motorcycle, Bicycle, and Parts Manufacturing",0,0,0,99,Unresolved capability / insufficient evidence,review_trigger,specific process category,Transportation end-market code; inspect process codes.
336992,"Military Armored Vehicle, Tank, and Tank Component Manufacturing",2,86.98,0.66,99,Unresolved capability / insufficient evidence,review_trigger,12 or 05,Armored-vehicle end-market code; structural/process codes often more informative.
336999,All Other Transportation Equipment Manufacturing,0,0,0,99,Unresolved capability / insufficient evidence,review_trigger,12 or specific process category,Generic transportation-equipment code; inspect process codes.
337110,Wood Kitchen Cabinet and Countertop Manufacturing,0,0,0,18,"Interiors, safety gear & miscellaneous manufactured products",direct_family,,Finished interior/wood/paper/textile/furniture product family.
337127,Institutional Furniture Manufacturing,1,1.74,0.01,18,"Interiors, safety gear & miscellaneous manufactured products",direct_family,,Finished interior/wood/paper/textile/furniture product family.
337211,Wood Office Furniture Manufacturing,0,0,0,18,"Interiors, safety gear & miscellaneous manufactured products",direct_family,,Finished interior/wood/paper/textile/furniture product family.
337212,Custom Architectural Woodwork and Millwork Manufacturing,0,0,0,18,"Interiors, safety gear & miscellaneous manufactured products",direct_family,,Finished interior/wood/paper/textile/furniture product family.
337214,Office Furniture (except Wood) Manufacturing,0,0,0,18,"Interiors, safety gear & miscellaneous manufactured products",direct_family,,Finished interior/wood/paper/textile/furniture product family.
337215,"Showcase, Partition, Shelving, and Locker Manufacturing",0,0,0,18,"Interiors, safety gear & miscellaneous manufactured products",direct_family,,Finished interior/wood/paper/textile/furniture product family.
339112,Surgical and Medical Instrument Manufacturing,0,0,0,18,"Interiors, safety gear & miscellaneous manufactured products",direct,,Specific process/product NAICS.
339113,Surgical Appliance and Supplies Manufacturing,2,4.35,0.03,18,"Interiors, safety gear & miscellaneous manufactured products",direct,,Specific process/product NAICS.
339114,Dental Equipment and Supplies Manufacturing,0,0,0,18,"Interiors, safety gear & miscellaneous manufactured products",direct,,Specific process/product NAICS.
339115,Ophthalmic Goods Manufacturing,0,0,0,18,"Interiors, safety gear & miscellaneous manufactured products",direct,,Specific process/product NAICS.
339920,Sporting and Athletic Goods Manufacturing,1,0.5,0.0,18,"Interiors, safety gear & miscellaneous manufactured products",direct,,Specific process/product NAICS.
339940,Office Supplies (except Paper) Manufacturing,0,0,0,18,"Interiors, safety gear & miscellaneous manufactured products",direct,,Specific process/product NAICS.
339950,Sign Manufacturing,1,0.35,0.0,18,"Interiors, safety gear & miscellaneous manufactured products",direct,,Specific process/product NAICS.
339991,"Gasket, Packing, and Sealing Device Manufacturing",0,0,0,08,"Polymers, elastomers, composites & formulated materials",direct,,Specific process/product NAICS.
339993,"Fastener, Button, Needle, and Pin Manufacturing",0,0,0,07,"Precision machining, hardware & metal finishing",direct,,Specific process/product NAICS.
339994,"Broom, Brush, and Mop Manufacturing",0,0,0,18,"Interiors, safety gear & miscellaneous manufactured products",direct,,Specific process/product NAICS.
339999,All Other Miscellaneous Manufacturing,11,110.29,0.84,99,Unresolved capability / insufficient evidence,review_trigger,18 or specific manufacturing category,Miscellaneous manufacturing code is not capability-specific.
423120,Motor Vehicle Supplies and New Parts Merchant Wholesalers,0,0,0,16,"Distribution, logistics, rental & commercial supply",business_model,,Wholesale/retail/logistics/rental business model.
423140,Motor Vehicle Parts (Used) Merchant Wholesalers,0,0,0,16,"Distribution, logistics, rental & commercial supply",business_model,,Wholesale/retail/logistics/rental business model.
423210,Furniture Merchant Wholesalers,0,0,0,16,"Distribution, logistics, rental & commercial supply",business_model,,Wholesale/retail/logistics/rental business model.
423220,Home Furnishing Merchant Wholesalers,0,0,0,16,"Distribution, logistics, rental & commercial supply",business_model,,Wholesale/retail/logistics/rental business model.
423310,"Lumber, Plywood, Millwork, and Wood Panel Merchant Wholesalers",3,5.1,0.04,16,"Distribution, logistics, rental & commercial supply",business_model,,Wholesale/retail/logistics/rental business model.
423320,"Brick, Stone, and Related Construction Material Merchant Wholesalers",0,0,0,16,"Distribution, logistics, rental & commercial supply",business_model,,Wholesale/retail/logistics/rental business model.
423330,"Roofing, Siding, and Insulation Material Merchant Wholesalers",0,0,0,16,"Distribution, logistics, rental & commercial supply",business_model,,Wholesale/retail/logistics/rental business model.
423390,Other Construction Material Merchant Wholesalers,0,0,0,16,"Distribution, logistics, rental & commercial supply",business_model,,Wholesale/retail/logistics/rental business model.
423410,Photographic Equipment and Supplies Merchant Wholesalers,0,0,0,16,"Distribution, logistics, rental & commercial supply",business_model,,Wholesale/retail/logistics/rental business model.
423420,Office Equipment Merchant Wholesalers,0,0,0,16,"Distribution, logistics, rental & commercial supply",business_model,,Wholesale/retail/logistics/rental business model.
423430,Computer and Computer Peripheral Equipment and Software Merchant Wholesalers,9,6.24,0.05,16,"Distribution, logistics, rental & commercial supply",business_model,,Wholesale/retail/logistics/rental business model.
423440,Other Commercial Equipment Merchant Wholesalers,0,0,0,16,"Distribution, logistics, rental & commercial supply",business_model,,Wholesale/retail/logistics/rental business model.
423450,"Medical, Dental, and Hospital Equipment and Supplies Merchant Wholesalers",0,0,0,16,"Distribution, logistics, rental & commercial supply",business_model,,Wholesale/retail/logistics/rental business model.
423460,Ophthalmic Goods Merchant Wholesalers,0,0,0,16,"Distribution, logistics, rental & commercial supply",business_model,,Wholesale/retail/logistics/rental business model.
423490,Other Professional Equipment and Supplies Merchant Wholesalers,1,0.22,0.0,16,"Distribution, logistics, rental & commercial supply",business_model,,Wholesale/retail/logistics/rental business model.
423510,Metal Service Centers and Other Metal Merchant Wholesalers,5,8.34,0.06,16,"Distribution, logistics, rental & commercial supply",business_model,,Wholesale/retail/logistics/rental business model.
423610,"Electrical Apparatus and Equipment, Wiring Supplies, and Related Equipment Merchant Wholesalers",12,34.58,0.26,16,"Distribution, logistics, rental & commercial supply",business_model,,Wholesale/retail/logistics/rental business model.
423620,"Household Appliances, Electric Housewares, and Consumer Electronics Merchant Wholesalers",0,0,0,16,"Distribution, logistics, rental & commercial supply",business_model,,Wholesale/retail/logistics/rental business model.
423690,Other Electronic Parts and Equipment Merchant Wholesalers,7,14.64,0.11,16,"Distribution, logistics, rental & commercial supply",business_model,,Wholesale/retail/logistics/rental business model.
423710,Hardware Merchant Wholesalers,2,2.78,0.02,16,"Distribution, logistics, rental & commercial supply",business_model,,Wholesale/retail/logistics/rental business model.
423720,Plumbing and Heating Equipment and Supplies (Hydronics) Merchant Wholesalers,0,0,0,16,"Distribution, logistics, rental & commercial supply",business_model,,Wholesale/retail/logistics/rental business model.
423730,Warm Air Heating and Air-Conditioning Equipment and Supplies Merchant Wholesalers,0,0,0,16,"Distribution, logistics, rental & commercial supply",business_model,,Wholesale/retail/logistics/rental business model.
423740,Refrigeration Equipment and Supplies Merchant Wholesalers,1,0.24,0.0,16,"Distribution, logistics, rental & commercial supply",business_model,,Wholesale/retail/logistics/rental business model.
423810,Construction and Mining (except Oil Well) Machinery and Equipment Merchant Wholesalers,1,0.21,0.0,16,"Distribution, logistics, rental & commercial supply",business_model,,Wholesale/retail/logistics/rental business model.
423820,Farm and Garden Machinery and Equipment Merchant Wholesalers,0,0,0,16,"Distribution, logistics, rental & commercial supply",business_model,,Wholesale/retail/logistics/rental business model.
423830,Industrial Machinery and Equipment Merchant Wholesalers,13,32.13,0.25,16,"Distribution, logistics, rental & commercial supply",business_model,,Wholesale/retail/logistics/rental business model.
423840,Industrial Supplies Merchant Wholesalers,13,13.28,0.1,16,"Distribution, logistics, rental & commercial supply",business_model,,Wholesale/retail/logistics/rental business model.
423850,Service Establishment Equipment and Supplies Merchant Wholesalers,0,0,0,16,"Distribution, logistics, rental & commercial supply",business_model,,Wholesale/retail/logistics/rental business model.
423860,Transportation Equipment and Supplies (except Motor Vehicle) Merchant Wholesalers,2,2.53,0.02,16,"Distribution, logistics, rental & commercial supply",business_model,,Wholesale/retail/logistics/rental business model.
423910,Sporting and Recreational Goods and Supplies Merchant Wholesalers,0,0,0,16,"Distribution, logistics, rental & commercial supply",business_model,,Wholesale/retail/logistics/rental business model.
423990,Other Miscellaneous Durable Goods Merchant Wholesalers,0,0,0,16,"Distribution, logistics, rental & commercial supply",business_model,,Wholesale/retail/logistics/rental business model.
424120,Stationery and Office Supplies Merchant Wholesalers,0,0,0,16,"Distribution, logistics, rental & commercial supply",business_model,,Wholesale/retail/logistics/rental business model.
424130,Industrial and Personal Service Paper Merchant Wholesalers,0,0,0,16,"Distribution, logistics, rental & commercial supply",business_model,,Wholesale/retail/logistics/rental business model.
424340,Footwear Merchant Wholesalers,0,0,0,16,"Distribution, logistics, rental & commercial supply",business_model,,Wholesale/retail/logistics/rental business model.
424350,Clothing and Clothing Accessories Merchant Wholesalers,0,0,0,16,"Distribution, logistics, rental & commercial supply",business_model,,Wholesale/retail/logistics/rental business model.
424410,General Line Grocery Merchant Wholesalers,1,0.65,0.0,16,"Distribution, logistics, rental & commercial supply",business_model,,Wholesale/retail/logistics/rental business model.
424450,Confectionery Merchant Wholesalers,0,0,0,16,"Distribution, logistics, rental & commercial supply",business_model,,Wholesale/retail/logistics/rental business model.
424610,Plastics Materials and Basic Forms and Shapes Merchant Wholesalers,0,0,0,16,"Distribution, logistics, rental & commercial supply",business_model,,Wholesale/retail/logistics/rental business model.
424690,Other Chemical and Allied Products Merchant Wholesalers,2,0.8,0.01,16,"Distribution, logistics, rental & commercial supply",business_model,,Wholesale/retail/logistics/rental business model.
424710,Petroleum Bulk Stations and Terminals,1,15.59,0.12,16,"Distribution, logistics, rental & commercial supply",business_model,,Wholesale/retail/logistics/rental business model.
424720,Petroleum and Petroleum Products Merchant Wholesalers (except Bulk Stations and Terminals),0,0,0,16,"Distribution, logistics, rental & commercial supply",business_model,,Wholesale/retail/logistics/rental business model.
424950,"Paint, Varnish, and Supplies Merchant Wholesalers",0,0,0,16,"Distribution, logistics, rental & commercial supply",business_model,,Wholesale/retail/logistics/rental business model.
424990,Other Miscellaneous Nondurable Goods Merchant Wholesalers,0,0,0,16,"Distribution, logistics, rental & commercial supply",business_model,,Wholesale/retail/logistics/rental business model.
425120,Wholesale Trade Agents and Brokers,1,2.83,0.02,16,"Distribution, logistics, rental & commercial supply",business_model,,Wholesale/retail/logistics/rental business model.
441222,Boat Dealers,0,0,0,16,"Distribution, logistics, rental & commercial supply",business_model,,Wholesale/retail/logistics/rental business model.
444110,Home Centers,0,0,0,16,"Distribution, logistics, rental & commercial supply",business_model,,Wholesale/retail/logistics/rental business model.
444130,Hardware Stores,1,0.39,0.0,16,"Distribution, logistics, rental & commercial supply",business_model,,Wholesale/retail/logistics/rental business model.
444140,Hardware Retailers,0,0,0,16,"Distribution, logistics, rental & commercial supply",business_model,,Wholesale/retail/logistics/rental business model.
444180,Other Building Material Dealers,0,0,0,16,"Distribution, logistics, rental & commercial supply",business_model,,Wholesale/retail/logistics/rental business model.
444190,Other Building Material Dealers,1,0.68,0.01,16,"Distribution, logistics, rental & commercial supply",business_model,,Wholesale/retail/logistics/rental business model.
449210,Electronics and Appliance Retailers,0,0,0,16,"Distribution, logistics, rental & commercial supply",business_model,,Wholesale/retail/logistics/rental business model.
458110,Clothing and Clothing Accessories Retailers,0,0,0,16,"Distribution, logistics, rental & commercial supply",business_model,,Wholesale/retail/logistics/rental business model.
459110,Sporting Goods Retailers,0,0,0,16,"Distribution, logistics, rental & commercial supply",business_model,,Wholesale/retail/logistics/rental business model.
459410,Office Supplies and Stationery Retailers,0,0,0,16,"Distribution, logistics, rental & commercial supply",business_model,,Wholesale/retail/logistics/rental business model.
481211,Nonscheduled Chartered Passenger Air Transportation,0,0,0,16,"Distribution, logistics, rental & commercial supply",business_model,,Wholesale/retail/logistics/rental business model.
483111,Deep Sea Freight Transportation,0,0,0,16,"Distribution, logistics, rental & commercial supply",business_model,,Wholesale/retail/logistics/rental business model.
483113,Coastal and Great Lakes Freight Transportation,1,9.82,0.07,16,"Distribution, logistics, rental & commercial supply",business_model,,Wholesale/retail/logistics/rental business model.
483211,Inland Water Freight Transportation,0,0,0,16,"Distribution, logistics, rental & commercial supply",business_model,,Wholesale/retail/logistics/rental business model.
484110,"General Freight Trucking, Local",0,0,0,16,"Distribution, logistics, rental & commercial supply",business_model,,Wholesale/retail/logistics/rental business model.
484121,"General Freight Trucking, Long-Distance, Truckload",1,8.14,0.06,16,"Distribution, logistics, rental & commercial supply",business_model,,Wholesale/retail/logistics/rental business model.
484220,"Specialized Freight (except Used Goods) Trucking, Local",0,0,0,16,"Distribution, logistics, rental & commercial supply",business_model,,Wholesale/retail/logistics/rental business model.
484230,"Specialized Freight (except Used Goods) Trucking, Long-Distance",0,0,0,16,"Distribution, logistics, rental & commercial supply",business_model,,Wholesale/retail/logistics/rental business model.
485999,All Other Transit and Ground Passenger Transportation,0,0,0,16,"Distribution, logistics, rental & commercial supply",business_model,,Wholesale/retail/logistics/rental business model.
486110,Pipeline Transportation of Crude Oil,0,0,0,16,"Distribution, logistics, rental & commercial supply",business_model,,Wholesale/retail/logistics/rental business model.
486210,Pipeline Transportation of Natural Gas,0,0,0,16,"Distribution, logistics, rental & commercial supply",business_model,,Wholesale/retail/logistics/rental business model.
486910,Pipeline Transportation of Refined Petroleum Products,0,0,0,16,"Distribution, logistics, rental & commercial supply",business_model,,Wholesale/retail/logistics/rental business model.
486990,All Other Pipeline Transportation,0,0,0,16,"Distribution, logistics, rental & commercial supply",business_model,,Wholesale/retail/logistics/rental business model.
488111,Air Traffic Control,0,0,0,16,"Distribution, logistics, rental & commercial supply",business_model,,Wholesale/retail/logistics/rental business model.
488190,Other Support Activities for Air Transportation,0,0,0,16,"Distribution, logistics, rental & commercial supply",business_model,,Wholesale/retail/logistics/rental business model.
488310,Port and Harbor Operations,0,0,0,16,"Distribution, logistics, rental & commercial supply",business_model,,Wholesale/retail/logistics/rental business model.
488320,Marine Cargo Handling,0,0,0,16,"Distribution, logistics, rental & commercial supply",business_model,,Wholesale/retail/logistics/rental business model.
488330,Navigational Services to Shipping,1,0.33,0.0,16,"Distribution, logistics, rental & commercial supply",business_model,,Wholesale/retail/logistics/rental business model.
488390,Other Support Activities for Water Transportation,0,0,0,16,"Distribution, logistics, rental & commercial supply",business_model,,Wholesale/retail/logistics/rental business model.
488510,Freight Transportation Arrangement,1,30.22,0.23,16,"Distribution, logistics, rental & commercial supply",business_model,,Wholesale/retail/logistics/rental business model.
488991,Packing and Crating,0,0,0,16,"Distribution, logistics, rental & commercial supply",business_model,,Wholesale/retail/logistics/rental business model.
488999,All Other Support Activities for Transportation,0,0,0,16,"Distribution, logistics, rental & commercial supply",business_model,,Wholesale/retail/logistics/rental business model.
493110,General Warehousing and Storage,0,0,0,16,"Distribution, logistics, rental & commercial supply",business_model,,Wholesale/retail/logistics/rental business model.
493190,Other Warehousing and Storage,0,0,0,16,"Distribution, logistics, rental & commercial supply",business_model,,Wholesale/retail/logistics/rental business model.
512110,Motion Picture and Video Production,0,0,0,17,"Business, staffing, training & other support",support_service,,Nonmanufacturing support/service capability.
512191,Teleproduction and Other Postproduction Services,0,0,0,17,"Business, staffing, training & other support",support_service,,Nonmanufacturing support/service capability.
512290,Other Sound Recording Industries,0,0,0,17,"Business, staffing, training & other support",support_service,,Nonmanufacturing support/service capability.
513210,Software Publishers,6,27.42,0.21,14,"Engineering, software, R&D & testing",direct_service,,Technical design/software/R&D/testing service.
517111,Wired Telecommunications Carriers,0,0,0,14,"Engineering, software, R&D & testing",direct_service,,Technical design/software/R&D/testing service.
517112,Wireless Telecommunications Carriers (except Satellite),0,0,0,14,"Engineering, software, R&D & testing",direct_service,,Technical design/software/R&D/testing service.
517121,Telecommunications Resellers,0,0,0,14,"Engineering, software, R&D & testing",direct_service,,Technical design/software/R&D/testing service.
517410,Satellite Telecommunications,0,0,0,14,"Engineering, software, R&D & testing",direct_service,,Technical design/software/R&D/testing service.
517810,All Other Telecommunications,0,0,0,14,"Engineering, software, R&D & testing",direct_service,,Technical design/software/R&D/testing service.
518210,"Computing Infrastructure Providers, Data Processing, Web Hosting, and Related Services",0,0,0,14,"Engineering, software, R&D & testing",direct_service,,Technical design/software/R&D/testing service.
519290,Web Search Portals and All Other Information Services,0,0,0,14,"Engineering, software, R&D & testing",direct_service,,Technical design/software/R&D/testing service.
522310,Mortgage and Nonmortgage Loan Brokers,0,0,0,17,"Business, staffing, training & other support",support_service,,Nonmanufacturing support/service capability.
523150,Investment Banking and Securities Intermediation,0,0,0,17,"Business, staffing, training & other support",support_service,,Nonmanufacturing support/service capability.
524114,Direct Health and Medical Insurance Carriers,0,0,0,17,"Business, staffing, training & other support",support_service,,Nonmanufacturing support/service capability.
524128,"Other Direct Insurance (except Life, Health, and Medical) Carriers",0,0,0,17,"Business, staffing, training & other support",support_service,,Nonmanufacturing support/service capability.
524291,Claims Adjusting,1,0.23,0.0,17,"Business, staffing, training & other support",support_service,,Nonmanufacturing support/service capability.
524292,Pharmacy Benefit Management and Other Third Party Administration of Insurance and Pension Funds,0,0,0,17,"Business, staffing, training & other support",support_service,,Nonmanufacturing support/service capability.
531120,Lessors of Nonresidential Buildings (except Miniwarehouses),1,0.23,0.0,16,"Distribution, logistics, rental & commercial supply",business_model,,Wholesale/retail/logistics/rental business model.
531130,Lessors of Miniwarehouses and Self-Storage Units,0,0,0,16,"Distribution, logistics, rental & commercial supply",business_model,,Wholesale/retail/logistics/rental business model.
531210,Offices of Real Estate Agents and Brokers,0,0,0,16,"Distribution, logistics, rental & commercial supply",business_model,,Wholesale/retail/logistics/rental business model.
532111,Passenger Car Rental,0,0,0,16,"Distribution, logistics, rental & commercial supply",business_model,,Wholesale/retail/logistics/rental business model.
532120,"Truck, Utility Trailer, and RV (Recreational Vehicle) Rental and Leasing",0,0,0,16,"Distribution, logistics, rental & commercial supply",business_model,,Wholesale/retail/logistics/rental business model.
532210,Consumer Electronics and Appliances Rental,0,0,0,16,"Distribution, logistics, rental & commercial supply",business_model,,Wholesale/retail/logistics/rental business model.
532310,General Rental Centers,1,0.37,0.0,16,"Distribution, logistics, rental & commercial supply",business_model,,Wholesale/retail/logistics/rental business model.
532411,"Commercial Air, Rail, and Water Transportation Equipment Rental and Leasing",0,0,0,16,"Distribution, logistics, rental & commercial supply",business_model,,Wholesale/retail/logistics/rental business model.
532412,"Construction, Mining, and Forestry Machinery and Equipment Rental and Leasing",1,0.43,0.0,16,"Distribution, logistics, rental & commercial supply",business_model,,Wholesale/retail/logistics/rental business model.
532420,Office Machinery and Equipment Rental and Leasing,0,0,0,16,"Distribution, logistics, rental & commercial supply",business_model,,Wholesale/retail/logistics/rental business model.
532490,Other Commercial and Industrial Machinery and Equipment Rental and Leasing,5,6.83,0.05,16,"Distribution, logistics, rental & commercial supply",business_model,,Wholesale/retail/logistics/rental business model.
541110,Offices of Lawyers,0,0,0,17,"Business, staffing, training & other support",support_service,,Nontechnical professional/business service.
541211,Offices of Certified Public Accountants,0,0,0,17,"Business, staffing, training & other support",support_service,,Nontechnical professional/business service.
541213,Tax Preparation Services,0,0,0,17,"Business, staffing, training & other support",support_service,,Nontechnical professional/business service.
541214,Payroll Services,0,0,0,17,"Business, staffing, training & other support",support_service,,Nontechnical professional/business service.
541219,Other Accounting Services,0,0,0,17,"Business, staffing, training & other support",support_service,,Nontechnical professional/business service.
541310,Architectural Services,0,0,0,14,"Engineering, software, R&D & testing",direct_service,,Technical design/software/R&D/testing service.
541320,Landscape Architectural Services,0,0,0,14,"Engineering, software, R&D & testing",direct_service,,Technical design/software/R&D/testing service.
541330,Engineering Services,30,71.14,0.54,14,"Engineering, software, R&D & testing",weak_service,,Use 14 when engineering is the operating capability; specific manufacturing process codes override.
541340,Drafting Services,0,0,0,14,"Engineering, software, R&D & testing",direct_service,,Technical design/software/R&D/testing service.
541350,Building Inspection Services,0,0,0,14,"Engineering, software, R&D & testing",direct_service,,Technical design/software/R&D/testing service.
541360,Geophysical Surveying and Mapping Services,0,0,0,14,"Engineering, software, R&D & testing",direct_service,,Technical design/software/R&D/testing service.
541370,Surveying and Mapping (except Geophysical) Services,0,0,0,14,"Engineering, software, R&D & testing",direct_service,,Technical design/software/R&D/testing service.
541380,Testing Laboratories and Services,4,1.87,0.01,14,"Engineering, software, R&D & testing",direct_service,,Technical design/software/R&D/testing service.
541410,Interior Design Services,0,0,0,14,"Engineering, software, R&D & testing",direct_service,,Technical design/software/R&D/testing service.
541420,Industrial Design Services,0,0,0,14,"Engineering, software, R&D & testing",direct_service,,Technical design/software/R&D/testing service.
541430,Graphic Design Services,0,0,0,14,"Engineering, software, R&D & testing",direct_service,,Technical design/software/R&D/testing service.
541490,Other Specialized Design Services,0,0,0,14,"Engineering, software, R&D & testing",direct_service,,Technical design/software/R&D/testing service.
541511,Custom Computer Programming Services,3,2.02,0.02,14,"Engineering, software, R&D & testing",direct_service,,Technical design/software/R&D/testing service.
541512,Computer Systems Design Services,3,13.15,0.1,14,"Engineering, software, R&D & testing",direct_service,,Technical design/software/R&D/testing service.
541513,Computer Facilities Management Services,0,0,0,14,"Engineering, software, R&D & testing",direct_service,,Technical design/software/R&D/testing service.
541519,Other Computer Related Services,6,15.36,0.12,14,"Engineering, software, R&D & testing",direct_service,,Technical design/software/R&D/testing service.
541611,Administrative Management and General Management Consulting Services,4,38.93,0.3,17,"Business, staffing, training & other support",support_service,,Nontechnical professional/business service.
541612,Human Resources Consulting Services,0,0,0,17,"Business, staffing, training & other support",support_service,,Nontechnical professional/business service.
541613,Marketing Consulting Services,1,31.57,0.24,17,"Business, staffing, training & other support",support_service,,Nontechnical professional/business service.
541614,"Process, Physical Distribution, and Logistics Consulting Services",1,0.94,0.01,17,"Business, staffing, training & other support",support_service,,Nontechnical professional/business service.
541618,Other Management Consulting Services,0,0,0,17,"Business, staffing, training & other support",support_service,,Nontechnical professional/business service.
541620,Environmental Consulting Services,1,0.35,0.0,14,"Engineering, software, R&D & testing",direct_service,,Technical design/software/R&D/testing service.
541690,Other Scientific and Technical Consulting Services,0,0,0,14,"Engineering, software, R&D & testing",direct_service,,Technical design/software/R&D/testing service.
541713,Research and Development in Nanotechnology,0,0,0,14,"Engineering, software, R&D & testing",direct_service,,Technical design/software/R&D/testing service.
541714,Research and Development in Biotechnology (except Nanobiotechnology),0,0,0,14,"Engineering, software, R&D & testing",direct_service,,Technical design/software/R&D/testing service.
541715,"Research and Development in the Physical, Engineering, and Life Sciences (except Nanotechnology and Biotechnology)",10,58.59,0.45,14,"Engineering, software, R&D & testing",direct_service,,Technical design/software/R&D/testing service.
541720,Research and Development in the Social Sciences and Humanities,0,0,0,14,"Engineering, software, R&D & testing",direct_service,,Technical design/software/R&D/testing service.
541810,Advertising Agencies,0,0,0,17,"Business, staffing, training & other support",support_service,,Nontechnical professional/business service.
541820,Public Relations Agencies,0,0,0,17,"Business, staffing, training & other support",support_service,,Nontechnical professional/business service.
541830,Media Buying Agencies,0,0,0,17,"Business, staffing, training & other support",support_service,,Nontechnical professional/business service.
541840,Media Representatives,0,0,0,17,"Business, staffing, training & other support",support_service,,Nontechnical professional/business service.
541850,Indoor and Outdoor Display Advertising,0,0,0,17,"Business, staffing, training & other support",support_service,,Nontechnical professional/business service.
541860,Direct Mail Advertising,0,0,0,17,"Business, staffing, training & other support",support_service,,Nontechnical professional/business service.
541870,Advertising Material Distribution Services,0,0,0,17,"Business, staffing, training & other support",support_service,,Nontechnical professional/business service.
541890,Other Services Related to Advertising,0,0,0,17,"Business, staffing, training & other support",support_service,,Nontechnical professional/business service.
541910,Marketing Research and Public Opinion Polling,0,0,0,17,"Business, staffing, training & other support",support_service,,Nontechnical professional/business service.
541922,Commercial Photography,0,0,0,17,"Business, staffing, training & other support",support_service,,Nontechnical professional/business service.
541930,Translation and Interpretation Services,0,0,0,17,"Business, staffing, training & other support",support_service,,Nontechnical professional/business service.
541990,"All Other Professional, Scientific, and Technical Services",1,0.81,0.01,14,"Engineering, software, R&D & testing",weak_service,,Broad technical-services code; inspect other NAICS and name.
551112,Offices of Other Holding Companies,1,5.23,0.04,17,"Business, staffing, training & other support",weak_corporate,,Holding-company code; classify operating UEI from direct evidence where possible.
561110,Office Administrative Services,0,0,0,17,"Business, staffing, training & other support",support_service,,Administrative/facility/staffing/security support service.
561210,Facilities Support Services,0,0,0,17,"Business, staffing, training & other support",support_service,,Administrative/facility/staffing/security support service.
561311,Employment Placement Agencies,1,0.09,0.0,17,"Business, staffing, training & other support",support_service,,Administrative/facility/staffing/security support service.
561312,Executive Search Services,0,0,0,17,"Business, staffing, training & other support",support_service,,Administrative/facility/staffing/security support service.
561320,Temporary Help Services,6,13.52,0.1,17,"Business, staffing, training & other support",support_service,,Administrative/facility/staffing/security support service.
561410,Document Preparation Services,0,0,0,17,"Business, staffing, training & other support",support_service,,Administrative/facility/staffing/security support service.
561421,Telephone Answering Services,0,0,0,17,"Business, staffing, training & other support",support_service,,Administrative/facility/staffing/security support service.
561422,Telemarketing Bureaus and Other Contact Centers,0,0,0,17,"Business, staffing, training & other support",support_service,,Administrative/facility/staffing/security support service.
561431,Private Mail Centers,0,0,0,17,"Business, staffing, training & other support",support_service,,Administrative/facility/staffing/security support service.
561499,All Other Business Support Services,0,0,0,17,"Business, staffing, training & other support",support_service,,Administrative/facility/staffing/security support service.
561510,Travel Agencies,0,0,0,17,"Business, staffing, training & other support",support_service,,Administrative/facility/staffing/security support service.
561599,All Other Travel Arrangement and Reservation Services,0,0,0,17,"Business, staffing, training & other support",support_service,,Administrative/facility/staffing/security support service.
561611,Investigation and Personal Background Check Services,0,0,0,17,"Business, staffing, training & other support",support_service,,Administrative/facility/staffing/security support service.
561612,Security Guards and Patrol Services,2,1.88,0.01,17,"Business, staffing, training & other support",support_service,,Administrative/facility/staffing/security support service.
561613,Armored Car Services,0,0,0,17,"Business, staffing, training & other support",support_service,,Administrative/facility/staffing/security support service.
561621,Security Systems Services (except Locksmiths),2,0.38,0.0,15,"Installation, construction, maintenance & repair",business_model,,Construction/installation/maintenance/repair business model.
561622,Locksmiths,1,0.29,0.0,15,"Installation, construction, maintenance & repair",business_model,,Construction/installation/maintenance/repair business model.
561710,Exterminating and Pest Control Services,0,0,0,15,"Installation, construction, maintenance & repair",business_model,,Construction/installation/maintenance/repair business model.
561720,Janitorial Services,0,0,0,15,"Installation, construction, maintenance & repair",business_model,,Construction/installation/maintenance/repair business model.
561730,Landscaping Services,0,0,0,15,"Installation, construction, maintenance & repair",business_model,,Construction/installation/maintenance/repair business model.
561790,Other Services to Buildings and Dwellings,0,0,0,15,"Installation, construction, maintenance & repair",business_model,,Construction/installation/maintenance/repair business model.
561910,Packaging and Labeling Services,1,4.44,0.03,16,"Distribution, logistics, rental & commercial supply",business_model,,Wholesale/retail/logistics/rental business model.
561920,Convention and Trade Show Organizers,0,0,0,17,"Business, staffing, training & other support",support_service,,Administrative/facility/staffing/security support service.
561990,All Other Support Services,1,1.01,0.01,17,"Business, staffing, training & other support",weak_support,,Broad support code; inspect other evidence.
562112,Hazardous Waste Collection,0,0,0,15,"Installation, construction, maintenance & repair",business_model,,Construction/installation/maintenance/repair business model.
562119,Other Waste Collection,0,0,0,15,"Installation, construction, maintenance & repair",business_model,,Construction/installation/maintenance/repair business model.
562211,Hazardous Waste Treatment and Disposal,1,0.25,0.0,15,"Installation, construction, maintenance & repair",business_model,,Construction/installation/maintenance/repair business model.
562219,Other Nonhazardous Waste Treatment and Disposal,0,0,0,15,"Installation, construction, maintenance & repair",business_model,,Construction/installation/maintenance/repair business model.
562910,Remediation Services,2,1.9,0.01,15,"Installation, construction, maintenance & repair",business_model,,Construction/installation/maintenance/repair business model.
562998,All Other Miscellaneous Waste Management Services,0,0,0,15,"Installation, construction, maintenance & repair",business_model,,Construction/installation/maintenance/repair business model.
611310,"Colleges, Universities, and Professional Schools",0,0,0,17,"Business, staffing, training & other support",support_service,,Nonmanufacturing support/service capability.
611420,Computer Training,0,0,0,17,"Business, staffing, training & other support",support_service,,Nonmanufacturing support/service capability.
611430,Professional and Management Development Training,1,7.18,0.05,17,"Business, staffing, training & other support",support_service,,Nonmanufacturing support/service capability.
611512,Flight Training,0,0,0,17,"Business, staffing, training & other support",support_service,,Nonmanufacturing support/service capability.
611513,Apprenticeship Training,0,0,0,17,"Business, staffing, training & other support",support_service,,Nonmanufacturing support/service capability.
611519,OTHER TECHNICAL AND TRADE SCHOOLS,0,0,0,17,"Business, staffing, training & other support",support_service,,Nonmanufacturing support/service capability.
611630,Language Schools,0,0,0,17,"Business, staffing, training & other support",support_service,,Nonmanufacturing support/service capability.
611692,Automobile Driving Schools,0,0,0,17,"Business, staffing, training & other support",support_service,,Nonmanufacturing support/service capability.
611699,All Other Miscellaneous Schools and Instruction,0,0,0,17,"Business, staffing, training & other support",support_service,,Nonmanufacturing support/service capability.
611710,Educational Support Services,0,0,0,17,"Business, staffing, training & other support",support_service,,Nonmanufacturing support/service capability.
621111,Offices of Physicians (except Mental Health Specialists),0,0,0,17,"Business, staffing, training & other support",support_service,,Nonmanufacturing support/service capability.
621330,Offices of Mental Health Practitioners (except Physicians),0,0,0,17,"Business, staffing, training & other support",support_service,,Nonmanufacturing support/service capability.
621340,"Offices of Physical, Occupational and Speech Therapists, and Audiologists",0,0,0,17,"Business, staffing, training & other support",support_service,,Nonmanufacturing support/service capability.
621399,Offices of All Other Miscellaneous Health Practitioners,0,0,0,17,"Business, staffing, training & other support",support_service,,Nonmanufacturing support/service capability.
621410,Family Planning Centers,0,0,0,17,"Business, staffing, training & other support",support_service,,Nonmanufacturing support/service capability.
621420,Outpatient Mental Health and Substance Abuse Centers,0,0,0,17,"Business, staffing, training & other support",support_service,,Nonmanufacturing support/service capability.
621511,Medical Laboratories,0,0,0,17,"Business, staffing, training & other support",support_service,,Nonmanufacturing support/service capability.
621999,All Other Miscellaneous Ambulatory Health Care Services,0,0,0,17,"Business, staffing, training & other support",support_service,,Nonmanufacturing support/service capability.
622110,General Medical and Surgical Hospitals,0,0,0,17,"Business, staffing, training & other support",support_service,,Nonmanufacturing support/service capability.
624110,Child and Youth Services,0,0,0,17,"Business, staffing, training & other support",support_service,,Nonmanufacturing support/service capability.
624120,Services for the Elderly and Persons with Disabilities,0,0,0,17,"Business, staffing, training & other support",support_service,,Nonmanufacturing support/service capability.
624190,Other Individual and Family Services,0,0,0,17,"Business, staffing, training & other support",support_service,,Nonmanufacturing support/service capability.
624221,Temporary Shelters,0,0,0,17,"Business, staffing, training & other support",support_service,,Nonmanufacturing support/service capability.
624230,Emergency and Other Relief Services,0,0,0,17,"Business, staffing, training & other support",support_service,,Nonmanufacturing support/service capability.
624310,VOCATIONAL REHABILITATION SERVICES,0,0,0,17,"Business, staffing, training & other support",support_service,,Nonmanufacturing support/service capability.
624410,Child Care Services,0,0,0,17,"Business, staffing, training & other support",support_service,,Nonmanufacturing support/service capability.
711510,"Independent Artists, Writers, and Performers",0,0,0,17,"Business, staffing, training & other support",support_service,,Nonmanufacturing support/service capability.
712120,Historical Sites,0,0,0,17,"Business, staffing, training & other support",support_service,,Nonmanufacturing support/service capability.
713930,Marinas,0,0,0,17,"Business, staffing, training & other support",support_service,,Nonmanufacturing support/service capability.
713940,Fitness and Recreational Sports Centers,0,0,0,17,"Business, staffing, training & other support",support_service,,Nonmanufacturing support/service capability.
713990,All Other Amusement and Recreation Industries,1,0.63,0.0,17,"Business, staffing, training & other support",support_service,,Nonmanufacturing support/service capability.
811111,General Automotive Repair,0,0,0,15,"Installation, construction, maintenance & repair",business_model,,Construction/installation/maintenance/repair business model.
811121,"Automotive Body, Paint, and Interior Repair and Maintenance",0,0,0,15,"Installation, construction, maintenance & repair",business_model,,Construction/installation/maintenance/repair business model.
811198,All Other Automotive Repair and Maintenance,0,0,0,15,"Installation, construction, maintenance & repair",business_model,,Construction/installation/maintenance/repair business model.
811210,Electronic and Precision Equipment Repair and Maintenance,1,0.4,0.0,15,"Installation, construction, maintenance & repair",business_model,,Construction/installation/maintenance/repair business model.
811212,Computer and Office Machine Repair and Maintenance,0,0,0,15,"Installation, construction, maintenance & repair",business_model,,Construction/installation/maintenance/repair business model.
811219,Other Electronic and Precision Equipment Repair and Maintenance,0,0,0,15,"Installation, construction, maintenance & repair",business_model,,Construction/installation/maintenance/repair business model.
811310,Commercial and Industrial Machinery and Equipment (except Automotive and Electronic) Repair and Maintenance,2,28.36,0.22,15,"Installation, construction, maintenance & repair",business_model,,Construction/installation/maintenance/repair business model.
811412,Appliance Repair and Maintenance,0,0,0,15,"Installation, construction, maintenance & repair",business_model,,Construction/installation/maintenance/repair business model.
811420,Reupholstery and Furniture Repair,0,0,0,15,"Installation, construction, maintenance & repair",business_model,,Construction/installation/maintenance/repair business model.
811490,Other Personal and Household Goods Repair and Maintenance,0,0,0,15,"Installation, construction, maintenance & repair",business_model,,Construction/installation/maintenance/repair business model.
812191,Diet and Weight Reducing Centers,0,0,0,17,"Business, staffing, training & other support",support_service,,Nonmanufacturing support/service capability.
812210,Funeral Homes and Funeral Services,0,0,0,17,"Business, staffing, training & other support",support_service,,Nonmanufacturing support/service capability.
812320,Drycleaning and Laundry Services (except Coin-Operated),0,0,0,17,"Business, staffing, training & other support",support_service,,Nonmanufacturing support/service capability.
812930,Parking Lots and Garages,0,0,0,17,"Business, staffing, training & other support",support_service,,Nonmanufacturing support/service capability.
813110,Religious Organizations,0,0,0,17,"Business, staffing, training & other support",support_service,,Nonmanufacturing support/service capability.
813311,Human Rights Organizations,0,0,0,17,"Business, staffing, training & other support",support_service,,Nonmanufacturing support/service capability.
813319,Other Social Advocacy Organizations,0,0,0,17,"Business, staffing, training & other support",support_service,,Nonmanufacturing support/service capability.
813410,Civic and Social Organizations,0,0,0,17,"Business, staffing, training & other support",support_service,,Nonmanufacturing support/service capability.
813920,Professional Organizations,0,0,0,17,"Business, staffing, training & other support",support_service,,Nonmanufacturing support/service capability.
813990,"Other Similar Organizations (except Business, Professional, Labor, and Political Organizations)",0,0,0,17,"Business, staffing, training & other support",support_service,,Nonmanufacturing support/service capability.
921190,Other General Government Support,0,0,0,17,"Business, staffing, training & other support",support_service,,Nonmanufacturing support/service capability.
922110,COURTS,0,0,0,17,"Business, staffing, training & other support",support_service,,Nonmanufacturing support/service capability.
922140,Correctional Institutions,0,0,0,17,"Business, staffing, training & other support",support_service,,Nonmanufacturing support/service capability.
922160,Fire Protection,0,0,0,17,"Business, staffing, training & other support",support_service,,Nonmanufacturing support/service capability.
923110,Administration of Education Programs,1,1.25,0.01,17,"Business, staffing, training & other support",support_service,,Nonmanufacturing support/service capability.
923120,ADMINISTRATION OF PUBLIC HEALTH PROGRAMS,0,0,0,17,"Business, staffing, training & other support",support_service,,Nonmanufacturing support/service capability.
923130,"ADMINISTRATION OF HUMAN RESOURCE PROGRAMS (EXCEPT EDUCATION, PUBLIC HEALTH, AND VETERANS' AFFAIRS PROGRAMS)",0,0,0,17,"Business, staffing, training & other support",support_service,,Nonmanufacturing support/service capability.
923140,ADMINISTRATION OF VETERANS' AFFAIRS,0,0,0,17,"Business, staffing, training & other support",support_service,,Nonmanufacturing support/service capability.
926110,ADMINISTRATION OF GENERAL ECONOMIC PROGRAMS,0,0,0,17,"Business, staffing, training & other support",support_service,,Nonmanufacturing support/service capability.
927110,Space Research and Technology,0,0,0,14,"Engineering, software, R&D & testing",direct_service,,Technical design/software/R&D/testing service.
928110,National Security,0,0,0,17,"Business, staffing, training & other support",support_service,,Nonmanufacturing support/service capability.
