predecessor_family,successor_family,same_incumbent,predecessor_incumbent,successor_incumbent,psc_match,naics_match,contracting_office_match,temporal_gap_days,evidence_score,analyst_disposition,review_date,notes,source
W912BU18C0035,W912BU21C0014,Y,STERLING SHIPYARD LP,STERLING SHIPYARD LP,Y,Y,Y,1,1.0,,,,seed-heuristic
W912ES20P0022,W912ES20P0034,Y,BRENNAN MARINE INC,BRENNAN MARINE INC,Y,Y,Y,0,1.0,,,,seed-heuristic
W912EK25C0007,W912EK25C0009,Y,ILLINOIS MARINE TOWING INC,ILLINOIS MARINE TOWING INC,Y,Y,Y,2,1.0,,,,seed-heuristic
W912QR15M0078,W912P415P0048,Y,MEASUTRONICS CORPORATION,MEASUTRONICS CORPORATION,Y,Y,N,-2,1.0,,,,seed-heuristic
W912PM23P0001,W912PM23P0019,Y,"TRANSPORTATION, NORTH CAROLINA DEPARTMENT OF","TRANSPORTATION, NORTH CAROLINA DEPARTMENT OF",Y,Y,Y,0,1.0,,,,seed-heuristic
W912EQ15P0071,W912EQ15P0097,Y,"COOPER- WILKINS WELDING & MACHINE COMPANY, INC.","COOPER- WILKINS WELDING & MACHINE COMPANY, INC.",Y,Y,Y,-1,1.0,,,,seed-heuristic
W912P810D0065,W912P816D0003,Y,BOLAND MARINE & INDUSTRIAL LLC,BOLAND MARINE & INDUSTRIAL LLC,Y,Y,Y,8,0.999,,,,seed-heuristic
W912DS24C0007,W911SD24P0136,Y,BAYONNE DRYDOCK & REPAIR CORP.,BAYONNE DRYDOCK & REPAIR CORP.,Y,Y,N,-9,0.999,,,,seed-heuristic
W912BU24C0021,W912PM25P0020,Y,BAYONNE DRYDOCK & REPAIR CORP.,BAYONNE DRYDOCK & REPAIR CORP.,Y,Y,N,7,0.999,,,,seed-heuristic
W912EQ24P0006,W912EQ24P0049,Y,"NEXT GENERATION LOGISTICS, LLC","NEXT GENERATION LOGISTICS, LLC",Y,Y,Y,7,0.999,,,,seed-heuristic
W912EQ24P0045,W912EQ24P0049,Y,"NEXT GENERATION LOGISTICS, LLC","NEXT GENERATION LOGISTICS, LLC",Y,Y,Y,-8,0.999,,,,seed-heuristic
W9127N19P0013,W9127N19P0024,Y,"SEAHORSE GEOMATICS, INCORPORATED","SEAHORSE GEOMATICS, INCORPORATED",Y,Y,Y,4,0.999,,,,seed-heuristic
W912EE25P0029,W912EK25P0036,Y,DUBUQUE BARGE AND FLEETING SERVICE CO,DUBUQUE BARGE AND FLEETING SERVICE CO,Y,Y,N,-5,0.999,,,,seed-heuristic
W912EK23P0043,47QSWA23D006A,Y,CENTRAL FLORIDA YAMAHA INC,CENTRAL FLORIDA YAMAHA INC,Y,Y,N,5,0.999,,,,seed-heuristic
W9123615P0015,W9123615P0028,Y,"SC MARINE GROUP, LLC","SC MARINE GROUP, LLC",Y,Y,Y,7,0.999,,,,seed-heuristic
W912PM17P1118,W912PM17P1127,Y,"TRANSPORTATION, NORTH CAROLINA DEPARTMENT OF","TRANSPORTATION, NORTH CAROLINA DEPARTMENT OF",Y,Y,Y,-6,0.999,,,,seed-heuristic
W912PM20P0061,W912PM21P0001,Y,"TRANSPORTATION, NORTH CAROLINA DEPARTMENT OF","TRANSPORTATION, NORTH CAROLINA DEPARTMENT OF",Y,Y,Y,-7,0.999,,,,seed-heuristic
W912PM22P0053,W912PM22P0055,Y,"TRANSPORTATION, NORTH CAROLINA DEPARTMENT OF","TRANSPORTATION, NORTH CAROLINA DEPARTMENT OF",Y,Y,Y,-7,0.999,,,,seed-heuristic
W912EQ24P0055,W912EQ25P0030,Y,"SPI MOBILE PULLEY WORKS, LLC","SPI MOBILE PULLEY WORKS, LLC",Y,Y,Y,-10,0.998,,,,seed-heuristic
W912EQ24P0060,W912EQ25P0030,Y,"SPI MOBILE PULLEY WORKS, LLC","SPI MOBILE PULLEY WORKS, LLC",Y,Y,Y,-10,0.998,,,,seed-heuristic
W912ES15P0119,W912ES16P0005,Y,BRENNAN MARINE INC,BRENNAN MARINE INC,Y,Y,Y,15,0.998,,,,seed-heuristic
W912EK17C0052,W912EK18P0093,Y,"ROSS LABS, LLC","ROSS LABS, LLC",Y,Y,Y,-15,0.998,,,,seed-heuristic
W912P820P0031,W912P820A0005,Y,"NEXT GENERATION LOGISTICS, LLC","NEXT GENERATION LOGISTICS, LLC",Y,Y,Y,-10,0.998,,,,seed-heuristic
W9127N18P0055,W912P818C0030,Y,"PROPULSION SYSTEMS, INC.","PROPULSION SYSTEMS, INC.",Y,Y,N,10,0.998,,,,seed-heuristic
W912EK15P0064,W912EK15P0120,Y,ILLINOIS MARINE TOWING INC,ILLINOIS MARINE TOWING INC,Y,Y,Y,-11,0.998,,,,seed-heuristic
W9123823P0009,W9123823P0025,Y,"WORTHINGTON PRODUCTS, LLC","WORTHINGTON PRODUCTS, LLC",Y,Y,Y,14,0.998,,,,seed-heuristic
W912EK24P0026,W912P924P0034,Y,GALE MARINE LLC,GALE MARINE LLC,Y,Y,N,14,0.998,,,,seed-heuristic
W912EP19A0008,W912EP22A0009,Y,"CANNON MARINE PARTNERS, LLC","CANNON MARINE PARTNERS, LLC",Y,Y,Y,-15,0.998,,,,seed-heuristic
W912PM21P0049,W912PM21P0055,Y,"TRANSPORTATION, NORTH CAROLINA DEPARTMENT OF","TRANSPORTATION, NORTH CAROLINA DEPARTMENT OF",Y,Y,Y,11,0.998,,,,seed-heuristic
W912DQ22P1048,W912DQ22P1055,Y,"EBERLIN BOATS & MOTORS, INC.","EBERLIN BOATS & MOTORS, INC.",Y,Y,Y,12,0.998,,,,seed-heuristic
W9127N18P0131,W9127N18P0130,Y,STARBOARD MARINE INC,STARBOARD MARINE INC,Y,Y,Y,-11,0.998,,,,seed-heuristic
W912DS17P0023,W912DS17P0024,Y,MARINE SAFETY CORP,MARINE SAFETY CORP,Y,Y,Y,-12,0.998,,,,seed-heuristic
W912DS17P0024,W912DS17P0025,Y,MARINE SAFETY CORP,MARINE SAFETY CORP,Y,Y,Y,-12,0.998,,,,seed-heuristic
W9123721P0016,W9123721P0048,Y,"MCGINNIS, INC.","MCGINNIS, INC.",Y,Y,Y,20,0.997,,,,seed-heuristic
W9123721P0106,W9123722P0025,Y,"MCGINNIS, INC.","MCGINNIS, INC.",Y,Y,Y,21,0.997,,,,seed-heuristic
W912ES20P0032,W912ES20P0034,Y,BRENNAN MARINE INC,BRENNAN MARINE INC,Y,Y,Y,-21,0.997,,,,seed-heuristic
W912PM24P0046,W912BU24G0001,Y,BAYONNE DRYDOCK & REPAIR CORP.,BAYONNE DRYDOCK & REPAIR CORP.,Y,Y,N,17,0.997,,,,seed-heuristic
W9123717P0138,W9123718P0035,Y,"AMHERST MADISON, INC.","AMHERST MADISON, INC.",Y,Y,Y,20,0.997,,,,seed-heuristic
W9127N20P0134,W912P821P0008,Y,"PROPULSION SYSTEMS, INC.","PROPULSION SYSTEMS, INC.",Y,Y,N,21,0.997,,,,seed-heuristic
W912BU17P0046,W912BU18P0022,Y,ALLIED SYSTEMS COMPANY,ALLIED SYSTEMS COMPANY,Y,Y,Y,-17,0.997,,,,seed-heuristic
W9123717P0100,W9123718P0009,Y,"SUPERIOR MARINE WAYS, INC","SUPERIOR MARINE WAYS, INC",Y,Y,Y,19,0.997,,,,seed-heuristic
W912PM24P0013,W912PM24P0029,Y,"TRANSPORTATION, NORTH CAROLINA DEPARTMENT OF","TRANSPORTATION, NORTH CAROLINA DEPARTMENT OF",Y,Y,Y,17,0.997,,,,seed-heuristic
W9127N13D0008,W9127N15D0005,Y,VIGOR MARINE LLC,VIGOR MARINE LLC,Y,Y,Y,-27,0.996,,,,seed-heuristic
W912P921G0001,W912P922A0029,Y,"MATERIAL SALES COMPANY, INC.","MATERIAL SALES COMPANY, INC.",Y,Y,Y,27,0.996,,,,seed-heuristic
W9123722P0116,W9123723P0011,Y,"MCGINNIS, INC.","MCGINNIS, INC.",Y,Y,Y,24,0.996,,,,seed-heuristic
W912ES18P0009,W912ES18P0059,Y,BRENNAN MARINE INC,BRENNAN MARINE INC,Y,Y,Y,-26,0.996,,,,seed-heuristic
W912P917G0004,W912P922A0027,Y,"J.B. MARINE SERVICE, INC.","J.B. MARINE SERVICE, INC.",Y,Y,Y,27,0.996,,,,seed-heuristic
W9127816C0015,W9127817P0070,Y,HORIZON SHIPBUILDING INC,HORIZON SHIPBUILDING INC,Y,Y,Y,27,0.996,,,,seed-heuristic
W912P524P0053,W912ES24P0134,Y,OUTLAND TECHNOLOGY INC.,OUTLAND TECHNOLOGY INC.,Y,Y,N,-24,0.996,,,,seed-heuristic
W9127N22P0073,W9127N23P0002,Y,LOUIS ALLIS LLC,LOUIS ALLIS LLC,Y,Y,Y,26,0.996,,,,seed-heuristic
W912P518P0076,W911XK19P0017,Y,KANN MANUFACTURING CORP,KANN MANUFACTURING CORP,Y,Y,N,25,0.996,,,,seed-heuristic
W912P917G0007,W912P922A0030,Y,MIKES INC,MIKES INC,Y,Y,Y,27,0.996,,,,seed-heuristic
W912P917G0006,W912P922A0024,Y,"AGILIX SOLUTIONS, LLC","AGILIX SOLUTIONS, LLC",Y,Y,Y,27,0.996,,,,seed-heuristic
W9127N09D0003,W9127N15P0012,Y,VIGOR MARINE LLC,VIGOR MARINE LLC,Y,Y,Y,-33,0.995,,,,seed-heuristic
W9127N15D0002,W9127N15G0002,Y,VIGOR MARINE LLC,VIGOR MARINE LLC,Y,Y,Y,-29,0.995,,,,seed-heuristic
W912QR22P0096,W9123723P0043,Y,"MCGINNIS, INC.","MCGINNIS, INC.",Y,Y,N,30,0.995,,,,seed-heuristic
GS07F0442M,47QSWA22D006M,Y,WILLIAM E. MUNSON COMPANY,WILLIAM E. MUNSON COMPANY,Y,Y,N,-32,0.995,,,,seed-heuristic
W9123724P0008,W912EE24A0005,Y,JAMES MARINE INC,JAMES MARINE INC,Y,Y,N,30,0.995,,,,seed-heuristic
W912DW25P0037,W912DW26PA037,Y,PLATYPUS MARINE INC,PLATYPUS MARINE INC,Y,Y,Y,-30,0.995,,,,seed-heuristic
W912BU15P0122,W912BU15P0123,Y,"AMERICAN TURBOCHARGER TECHNOLOGIES, LLC","AMERICAN TURBOCHARGER TECHNOLOGIES, LLC",Y,Y,Y,-29,0.995,,,,seed-heuristic
W9098S18P0134,W9098S18V0048,Y,CS HYDE CO,CS HYDE CO,Y,Y,Y,30,0.995,,,,seed-heuristic
W912PM18P0069,W912PM18P0080,Y,"TRANSPORTATION, NORTH CAROLINA DEPARTMENT OF","TRANSPORTATION, NORTH CAROLINA DEPARTMENT OF",Y,Y,Y,28,0.995,,,,seed-heuristic
W912PM17P1155,W912PM18P0007,Y,GREGORY POOLE EQUIPMENT COMPANY,GREGORY POOLE EQUIPMENT COMPANY,Y,Y,Y,28,0.995,,,,seed-heuristic
W912DS18P0026,W912DS18P0027,Y,MARINE SAFETY CORP,MARINE SAFETY CORP,Y,Y,Y,-31,0.995,,,,seed-heuristic
W912BU21C0014,W912BU23C0046,Y,STERLING SHIPYARD LP,STERLING SHIPYARD LP,Y,Y,Y,-35,0.994,,,,seed-heuristic
W9123723P0011,W9123723P0016,Y,"MCGINNIS, INC.","MCGINNIS, INC.",Y,Y,Y,-39,0.994,,,,seed-heuristic
W912ES14P0156,W912ES15P0091,Y,BRENNAN MARINE INC,BRENNAN MARINE INC,Y,Y,Y,39,0.994,,,,seed-heuristic
W912ES18P0125,W912ES19P0048,Y,BRENNAN MARINE INC,BRENNAN MARINE INC,Y,Y,Y,35,0.994,,,,seed-heuristic
W912BU18C0018,W912BU19G0001,Y,YANK MARINE SERVICES LLC,YANK MARINE SERVICES LLC,Y,Y,Y,34,0.994,,,,seed-heuristic
W912DW21P0036,47QSWA22D006M,Y,WILLIAM E. MUNSON COMPANY,WILLIAM E. MUNSON COMPANY,Y,Y,N,-35,0.994,,,,seed-heuristic
W9127N24G0004,W9127N25G0002,Y,"PACIFIC POWER GROUP, LLC","PACIFIC POWER GROUP, LLC",Y,Y,Y,-39,0.994,,,,seed-heuristic
W9127N18P0016,W9127N18P0030,Y,IHC AMERICA INC,IHC AMERICA INC,Y,Y,Y,36,0.994,,,,seed-heuristic
W912HZ21P0089,W912HZ21P0121,Y,"LIFETYME BOATS, INC.","LIFETYME BOATS, INC.",Y,Y,Y,-36,0.994,,,,seed-heuristic
W912BU16P0004,W912BU16P0023,Y,"RHOADS INDUSTRIES, INC.","RHOADS INDUSTRIES, INC.",Y,Y,Y,36,0.994,,,,seed-heuristic
W912PQ16P0131,W912PQ16P0185,Y,"AIR CRUISERS COMPANY, LLC","AIR CRUISERS COMPANY, LLC",Y,Y,Y,38,0.994,,,,seed-heuristic
W9127N15P0012,W9127N15D0005,Y,VIGOR MARINE LLC,VIGOR MARINE LLC,Y,Y,Y,-45,0.993,,,,seed-heuristic
W912P817C0043,W9123718C0003,Y,"WORLD MARINE OF ALABAMA, LLC","WORLD MARINE OF ALABAMA, LLC",Y,Y,N,44,0.993,,,,seed-heuristic
W9123721P0035,W9123721P0106,Y,"MCGINNIS, INC.","MCGINNIS, INC.",Y,Y,Y,-44,0.993,,,,seed-heuristic
W9123723P0016,W912QR23P0078,Y,"MCGINNIS, INC.","MCGINNIS, INC.",Y,Y,N,-45,0.993,,,,seed-heuristic
W912ES21P0003,W912ES21P0066,Y,BRENNAN MARINE INC,BRENNAN MARINE INC,Y,Y,Y,42,0.993,,,,seed-heuristic
W912EK25PA017,W912EK26PA021,Y,ILLINOIS MARINE TOWING INC,ILLINOIS MARINE TOWING INC,Y,Y,Y,-45,0.993,,,,seed-heuristic
W9123722P0038,W9123722P0094,Y,"AMHERST MADISON, INC.","AMHERST MADISON, INC.",Y,Y,Y,-41,0.993,,,,seed-heuristic
W912BU17P0034,W912BU18P0004,Y,"ENGINE SYSTEMS, INC.","ENGINE SYSTEMS, INC.",Y,Y,Y,45,0.993,,,,seed-heuristic
W911S015P0050,W911S016D0004,Y,"MARISCO, LTD.","MARISCO, LTD.",Y,Y,Y,45,0.993,,,,seed-heuristic
W912DS18A0011,W912DS24A0003,Y,MARINE SAFETY CORP,MARINE SAFETY CORP,Y,Y,Y,40,0.993,,,,seed-heuristic
W912EE20P0008,W912EQ20P0008,Y,"CONRAD SHIPYARD, L.L.C","CONRAD SHIPYARD, L.L.C",Y,Y,N,-51,0.992,,,,seed-heuristic
W9127N22G0002,W9127N25G0001,Y,"EVERETT SHIP REPAIR, LLC","EVERETT SHIP REPAIR, LLC",Y,Y,Y,50,0.992,,,,seed-heuristic
W912DW23P0053,W912DW23P0056,Y,PLATYPUS MARINE INC,PLATYPUS MARINE INC,Y,Y,Y,-51,0.992,,,,seed-heuristic
W912PM19P0072,W912PM20P0024,Y,JARRETT BAY BOATWORKS INC,JARRETT BAY BOATWORKS INC,Y,Y,Y,46,0.992,,,,seed-heuristic
GS07F0414W,W912HP16P0001,Y,"R2SONIC, LLC","R2SONIC, LLC",Y,Y,N,-48,0.992,,,,seed-heuristic
W912BV15P0139,W912BV16P0017,Y,"BLACKBEARD MARINE, INC.","BLACKBEARD MARINE, INC.",Y,Y,Y,50,0.992,,,,seed-heuristic
N6264914G0005,N6264918C0004,Y,"YOKOHAMA ENGINEERING WORKS, LTD.","YOKOHAMA ENGINEERING WORKS, LTD.",Y,Y,Y,-57,0.991,,,,seed-heuristic
W912PM22P0067,W912PM23P0013,Y,"METAL TRADES, LLC","METAL TRADES, LLC",Y,Y,Y,56,0.991,,,,seed-heuristic
W912ES15P0044,W912ES15P0091,Y,BRENNAN MARINE INC,BRENNAN MARINE INC,Y,Y,Y,55,0.991,,,,seed-heuristic
W912ES21P0066,W912ES22G0005,Y,BRENNAN MARINE INC,BRENNAN MARINE INC,Y,Y,Y,-52,0.991,,,,seed-heuristic
W912EK20P0046,W912EK20P0084,Y,ILLINOIS MARINE TOWING INC,ILLINOIS MARINE TOWING INC,Y,Y,Y,57,0.991,,,,seed-heuristic
W91QEX22P0037,W91QEX23P0037,Y,BRUNSWICK CORP,BRUNSWICK CORP,Y,Y,Y,-53,0.991,,,,seed-heuristic
W912PM24P0006,W912PM24P0013,Y,"TRANSPORTATION, NORTH CAROLINA DEPARTMENT OF","TRANSPORTATION, NORTH CAROLINA DEPARTMENT OF",Y,Y,Y,53,0.991,,,,seed-heuristic
W9123718C0003,W912P819C0007,Y,"WORLD MARINE OF ALABAMA, LLC","WORLD MARINE OF ALABAMA, LLC",Y,Y,N,60,0.99,,,,seed-heuristic
W912ES15P0091,W912ES15P0119,Y,BRENNAN MARINE INC,BRENNAN MARINE INC,Y,Y,Y,61,0.99,,,,seed-heuristic
W912EF19P0075,W912DW20P0077,Y,"WORKSKIFF, INC.","WORKSKIFF, INC.",Y,Y,N,60,0.99,,,,seed-heuristic
W912ES16C0011,W912EK18P0093,Y,"ROSS LABS, LLC","ROSS LABS, LLC",Y,Y,N,60,0.99,,,,seed-heuristic
W912P517P0004,W912P917G0003,Y,"NATIONAL MAINTENANCE & REPAIR OF KENTUCKY, INC.","NATIONAL MAINTENANCE & REPAIR OF KENTUCKY, INC.",Y,Y,N,63,0.99,,,,seed-heuristic
W9127N19P0143,W9127N20P0001,Y,"PROPULSION SYSTEMS, INC.","PROPULSION SYSTEMS, INC.",Y,Y,Y,-58,0.99,,,,seed-heuristic
W912EP19P0016,W912EP19P0017,Y,RED TAIL LOGISTICS LLC,RED TAIL LOGISTICS LLC,Y,Y,Y,-60,0.99,,,,seed-heuristic
W912BV16P0093,W912BV16P0107,Y,CANADY ENTERPRISES INC.,CANADY ENTERPRISES INC.,Y,Y,Y,-62,0.99,,,,seed-heuristic
W912P519P0070,W912BU19P0051,Y,"POSEIDON,LLC","POSEIDON,LLC",Y,Y,N,-69,0.989,,,,seed-heuristic
W9123719P0015,W9123719P0072,Y,"SUPERIOR MARINE WAYS, INC","SUPERIOR MARINE WAYS, INC",Y,Y,Y,69,0.989,,,,seed-heuristic
W911XK25CA014,W9123725PA032,Y,"NATIONAL MAINTENANCE & REPAIR OF KENTUCKY, INC.","NATIONAL MAINTENANCE & REPAIR OF KENTUCKY, INC.",Y,Y,N,68,0.989,,,,seed-heuristic
W912DS16A0018,W912DS18P0029,Y,YANK MARINE INC,YANK MARINE INC,Y,Y,Y,65,0.989,,,,seed-heuristic
W50S8E20P0020,W50S8E20P0022,Y,BINARY EXCHANGE TECHNOLOGIES LLC,BINARY EXCHANGE TECHNOLOGIES LLC,Y,Y,Y,-64,0.989,,,,seed-heuristic
W912EP20A0011,W91QEX25PA007,Y,"GL POWER, INC.","GL POWER, INC.",Y,Y,N,-68,0.989,,,,seed-heuristic
W912PM18P0080,W912PM18P0096,Y,"TRANSPORTATION, NORTH CAROLINA DEPARTMENT OF","TRANSPORTATION, NORTH CAROLINA DEPARTMENT OF",Y,Y,Y,64,0.989,,,,seed-heuristic
W9127N20G0002,W9127N24G0002,Y,VIGOR MARINE LLC,VIGOR MARINE LLC,Y,Y,Y,-76,0.988,,,,seed-heuristic
W9123722P0025,W9123722P0076,Y,"MCGINNIS, INC.","MCGINNIS, INC.",Y,Y,Y,71,0.988,,,,seed-heuristic
W912ES22P0004,W912ES22G0005,Y,BRENNAN MARINE INC,BRENNAN MARINE INC,Y,Y,Y,-73,0.988,,,,seed-heuristic
W9123719P0072,W9123720P0020,Y,"SUPERIOR MARINE WAYS, INC","SUPERIOR MARINE WAYS, INC",Y,Y,Y,74,0.988,,,,seed-heuristic
W912P821P0024,W912P821P0035,Y,"SURVEY EQUIPMENT SERVICES, INC.","SURVEY EQUIPMENT SERVICES, INC.",Y,Y,Y,-74,0.988,,,,seed-heuristic
W912PM16P0095,W912PM17P0009,Y,"TRANSPORTATION, NORTH CAROLINA DEPARTMENT OF","TRANSPORTATION, NORTH CAROLINA DEPARTMENT OF",Y,Y,Y,71,0.988,,,,seed-heuristic
W912PM17P0009,W912PM17P0032,Y,"TRANSPORTATION, NORTH CAROLINA DEPARTMENT OF","TRANSPORTATION, NORTH CAROLINA DEPARTMENT OF",Y,Y,Y,72,0.988,,,,seed-heuristic
W912PM17P1127,W912PM18P0003,Y,"TRANSPORTATION, NORTH CAROLINA DEPARTMENT OF","TRANSPORTATION, NORTH CAROLINA DEPARTMENT OF",Y,Y,Y,70,0.988,,,,seed-heuristic
W912PM22P0055,W912PM23P0001,Y,"TRANSPORTATION, NORTH CAROLINA DEPARTMENT OF","TRANSPORTATION, NORTH CAROLINA DEPARTMENT OF",Y,Y,Y,76,0.988,,,,seed-heuristic
W912BU22C0043,W912BU25CA034,Y,SOUTHWEST SHIPYARD LP,SOUTHWEST SHIPYARD LP,Y,Y,Y,-77,0.987,,,,seed-heuristic
W9123722P0076,W9123722P0116,Y,"MCGINNIS, INC.","MCGINNIS, INC.",Y,Y,Y,77,0.987,,,,seed-heuristic
W9123724P0040,W912QR24P0103,Y,"MCGINNIS, INC.","MCGINNIS, INC.",Y,Y,N,79,0.987,,,,seed-heuristic
W912EE25PA011,W912EE25PA062,Y,"NEXT GENERATION LOGISTICS, LLC","NEXT GENERATION LOGISTICS, LLC",Y,Y,Y,-79,0.987,,,,seed-heuristic
W9123717P0035,W9123718P0009,Y,"SUPERIOR MARINE WAYS, INC","SUPERIOR MARINE WAYS, INC",Y,Y,Y,79,0.987,,,,seed-heuristic
W9127N17P0095,W9127N18P0014,Y,"HAGLER SYSTEMS, INC.","HAGLER SYSTEMS, INC.",Y,Y,Y,82,0.987,,,,seed-heuristic
W9123721P0048,W9123721P0106,Y,"MCGINNIS, INC.","MCGINNIS, INC.",Y,Y,Y,83,0.986,,,,seed-heuristic
W912DQ15C1114,W911SF16P0046,Y,WILLIAM E. MUNSON COMPANY,WILLIAM E. MUNSON COMPANY,Y,Y,N,85,0.986,,,,seed-heuristic
W9123722P0089,W9123722P0094,Y,"AMHERST MADISON, INC.","AMHERST MADISON, INC.",Y,Y,Y,-84,0.986,,,,seed-heuristic
W912EE15P0047,W912EE15P0081,Y,"BRIAN'S MARINE, LLC","BRIAN'S MARINE, LLC",Y,Y,Y,87,0.986,,,,seed-heuristic
W912HN18P5028,W912HN19P5001,Y,THUNDERBOLT MARINE INC,THUNDERBOLT MARINE INC,Y,Y,Y,85,0.986,,,,seed-heuristic
W912EF22P0002,47QSWA22D006M,Y,WILLIAM E. MUNSON COMPANY,WILLIAM E. MUNSON COMPANY,Y,Y,N,-92,0.985,,,,seed-heuristic
W9127N20P0044,W9127N20P0043,Y,LAKE UNION DRYDOCK COMPANY,LAKE UNION DRYDOCK COMPANY,Y,Y,Y,-90,0.985,,,,seed-heuristic
W912PM20P0043,W912PM20P0061,Y,"TRANSPORTATION, NORTH CAROLINA DEPARTMENT OF","TRANSPORTATION, NORTH CAROLINA DEPARTMENT OF",Y,Y,Y,92,0.985,,,,seed-heuristic
W911S016D0015,W56HZV21DL008,Y,LYON SHIPYARD INC,LYON SHIPYARD INC,Y,Y,N,-97,0.984,,,,seed-heuristic
W912P816D0003,W912P821D0001,Y,BOLAND MARINE & INDUSTRIAL LLC,BOLAND MARINE & INDUSTRIAL LLC,Y,Y,Y,-97,0.984,,,,seed-heuristic
W911XK24P0010,W911XK25CA014,Y,"NATIONAL MAINTENANCE & REPAIR OF KENTUCKY, INC.","NATIONAL MAINTENANCE & REPAIR OF KENTUCKY, INC.",Y,Y,Y,97,0.984,,,,seed-heuristic
W912PM17P0032,W912PM17P1118,Y,"TRANSPORTATION, NORTH CAROLINA DEPARTMENT OF","TRANSPORTATION, NORTH CAROLINA DEPARTMENT OF",Y,Y,Y,96,0.984,,,,seed-heuristic
W912PM19P0070,W912PM20P0009,Y,"TRANSPORTATION, NORTH CAROLINA DEPARTMENT OF","TRANSPORTATION, NORTH CAROLINA DEPARTMENT OF",Y,Y,Y,98,0.984,,,,seed-heuristic
W9123723P0043,W9123725P0002,Y,"MCGINNIS, INC.","MCGINNIS, INC.",Y,Y,Y,-105,0.983,,,,seed-heuristic
W9123720P0089,W9123720P0081,Y,"AMHERST MADISON, INC.","AMHERST MADISON, INC.",Y,Y,Y,-103,0.983,,,,seed-heuristic
W911S015P0012,W911S015P0050,Y,"MARISCO, LTD.","MARISCO, LTD.",Y,Y,Y,104,0.983,,,,seed-heuristic
W9127N15P0147,W9127N16P0183,Y,"NW BEND BOATS, LLC","NW BEND BOATS, LLC",Y,Y,Y,105,0.983,,,,seed-heuristic
W912EQ23P0019,W912EQ25P0030,Y,"SPI MOBILE PULLEY WORKS, LLC","SPI MOBILE PULLEY WORKS, LLC",Y,Y,Y,109,0.982,,,,seed-heuristic
W912EQ23P0020,W912EQ25P0030,Y,"SPI MOBILE PULLEY WORKS, LLC","SPI MOBILE PULLEY WORKS, LLC",Y,Y,Y,109,0.982,,,,seed-heuristic
W912BU23C0009,W912BU23P0024,Y,YANK MARINE SERVICES LLC,YANK MARINE SERVICES LLC,Y,Y,Y,-111,0.982,,,,seed-heuristic
W9127S22P0061,W9127N22P0138,Y,"ANTHONY'S ALUMINUM BOATS, LLC","ANTHONY'S ALUMINUM BOATS, LLC",Y,Y,N,-111,0.982,,,,seed-heuristic
W912BV16P0107,W912BV17P0014,Y,CANADY ENTERPRISES INC.,CANADY ENTERPRISES INC.,Y,Y,Y,111,0.982,,,,seed-heuristic
W912HN18P5026,W912P518P0046,Y,"MARCON INTERNATIONAL USA, INC","MARCON INTERNATIONAL USA, INC",Y,Y,N,-112,0.982,,,,seed-heuristic
W912EK24P0054,W912EK25PA017,Y,ILLINOIS MARINE TOWING INC,ILLINOIS MARINE TOWING INC,Y,Y,Y,116,0.981,,,,seed-heuristic
W9127N18P0136,W9127N18P0137,Y,IHC AMERICA INC,IHC AMERICA INC,Y,Y,Y,-113,0.981,,,,seed-heuristic
W912PM19P0039,W912PM19P0070,Y,"TRANSPORTATION, NORTH CAROLINA DEPARTMENT OF","TRANSPORTATION, NORTH CAROLINA DEPARTMENT OF",Y,Y,Y,117,0.981,,,,seed-heuristic
W912QR21P0030,W912QR21P0042,Y,"NATIONAL MAINTENANCE & REPAIR OF KENTUCKY, INC.","NATIONAL MAINTENANCE & REPAIR OF KENTUCKY, INC.",Y,Y,Y,-122,0.98,,,,seed-heuristic
W912BU15C0056,W9127N16C0056,Y,SISCO MARINE LLC,SISCO MARINE LLC,Y,Y,N,-122,0.98,,,,seed-heuristic
W912BU18P0001,W912BU19P0004,Y,DREDGE CONSTRUCTORS LLC,DREDGE CONSTRUCTORS LLC,Y,Y,Y,123,0.98,,,,seed-heuristic
W9127820P0008,W9127820P0107,Y,"SHARK TECH, LLC","SHARK TECH, LLC",Y,Y,Y,119,0.98,,,,seed-heuristic
W912PM23P0050,W912PM24P0006,Y,"TRANSPORTATION, NORTH CAROLINA DEPARTMENT OF","TRANSPORTATION, NORTH CAROLINA DEPARTMENT OF",Y,Y,Y,121,0.98,,,,seed-heuristic
W912PQ19P9005,W912PQ19P9018,Y,WING INFLATABLES INC,WING INFLATABLES INC,Y,Y,Y,122,0.98,,,,seed-heuristic
W912ES17P0040,W912ES17P0155,Y,"NO WORRIES REPAIR, LLC","NO WORRIES REPAIR, LLC",Y,Y,Y,119,0.98,,,,seed-heuristic
W912BU22P0036,W912BU23P0024,Y,YANK MARINE SERVICES LLC,YANK MARINE SERVICES LLC,Y,Y,Y,-125,0.979,,,,seed-heuristic
W912DW22P0003,W912EF23P0028,Y,WILLIAM E. MUNSON COMPANY,WILLIAM E. MUNSON COMPANY,Y,Y,N,128,0.979,,,,seed-heuristic
W912EK17P0045,W912EK17C0065,Y,ILLINOIS MARINE TOWING INC,ILLINOIS MARINE TOWING INC,Y,Y,Y,128,0.979,,,,seed-heuristic
W9127817P0007,W9127817P0070,Y,HORIZON SHIPBUILDING INC,HORIZON SHIPBUILDING INC,Y,Y,Y,127,0.979,,,,seed-heuristic
N6264918C0004,N6264919C0003,Y,"YOKOHAMA ENGINEERING WORKS, LTD.","YOKOHAMA ENGINEERING WORKS, LTD.",Y,Y,Y,132,0.978,,,,seed-heuristic
W9123618C0011,W912BU19P0043,Y,"COLONNA'S SHIP YARD, INCORPORATED","COLONNA'S SHIP YARD, INCORPORATED",Y,Y,N,132,0.978,,,,seed-heuristic
W9123721P0001,W912QR21P0042,Y,"NATIONAL MAINTENANCE & REPAIR OF KENTUCKY, INC.","NATIONAL MAINTENANCE & REPAIR OF KENTUCKY, INC.",Y,Y,N,-134,0.978,,,,seed-heuristic
W91QEX22P0033,W91QEX23P0022,Y,SAFE BOATS INTERNATIONAL LLC,SAFE BOATS INTERNATIONAL LLC,Y,Y,Y,134,0.978,,,,seed-heuristic
GS07F0001I,W912P417P0018,Y,"CLARK BOAT CO., INC.","CLARK BOAT CO., INC.",Y,Y,N,-133,0.978,,,,seed-heuristic
W912EQ17P0004,W912EQ17P0051,Y,DEHART MARINE ELECTRONICS INC,DEHART MARINE ELECTRONICS INC,Y,Y,Y,132,0.978,,,,seed-heuristic
W912PM24P0029,W912PM24P0050,Y,"TRANSPORTATION, NORTH CAROLINA DEPARTMENT OF","TRANSPORTATION, NORTH CAROLINA DEPARTMENT OF",Y,Y,Y,131,0.978,,,,seed-heuristic
W9127N15P0086,W9127N16P0051,Y,"PROPULSION SYSTEMS, INC.","PROPULSION SYSTEMS, INC.",Y,Y,Y,143,0.977,,,,seed-heuristic
W912DS25C0002,W912BU25C0034,Y,THAMES SHIPYARD & REPAIR COMPANY THE,THAMES SHIPYARD & REPAIR COMPANY THE,Y,Y,N,143,0.977,,,,seed-heuristic
W912P818P0099,W912P819P0037,Y,QUALITY FIRST CONSTRUCTION LLC,QUALITY FIRST CONSTRUCTION LLC,Y,Y,Y,141,0.977,,,,seed-heuristic
W912P819P0037,W912P820P0001,Y,QUALITY FIRST CONSTRUCTION LLC,QUALITY FIRST CONSTRUCTION LLC,Y,Y,Y,137,0.977,,,,seed-heuristic
W91QEX22P0035,W91QEX22P0040,Y,BRUNSWICK CORP,BRUNSWICK CORP,Y,Y,Y,-139,0.977,,,,seed-heuristic
W91QEX16P0009,W91QEX16P0027,Y,MISCELLANEOUS FOREIGN AWARDEES,MISCELLANEOUS FOREIGN AWARDEES,Y,Y,Y,-141,0.977,,,,seed-heuristic
W9127N24P0086,W9127N25P0005,Y,COASTAL AMX MARINE LLC,COASTAL AMX MARINE LLC,Y,Y,Y,142,0.977,,,,seed-heuristic
W912ES18P0059,W912ES18P0125,Y,BRENNAN MARINE INC,BRENNAN MARINE INC,Y,Y,Y,147,0.976,,,,seed-heuristic
W91QEX22P0032,W91QEX23P0022,Y,SAFE BOATS INTERNATIONAL LLC,SAFE BOATS INTERNATIONAL LLC,Y,Y,Y,145,0.976,,,,seed-heuristic
W91QEX22P0034,W91QEX23P0022,Y,SAFE BOATS INTERNATIONAL LLC,SAFE BOATS INTERNATIONAL LLC,Y,Y,Y,145,0.976,,,,seed-heuristic
W912PM18P0003,W912PM18P0069,Y,"TRANSPORTATION, NORTH CAROLINA DEPARTMENT OF","TRANSPORTATION, NORTH CAROLINA DEPARTMENT OF",Y,Y,Y,148,0.976,,,,seed-heuristic
W912PM21P0001,W912PM21P0049,Y,"TRANSPORTATION, NORTH CAROLINA DEPARTMENT OF","TRANSPORTATION, NORTH CAROLINA DEPARTMENT OF",Y,Y,Y,146,0.976,,,,seed-heuristic
W911S012D0011,W912D111A0026,Y,HEAVY ENGINEERING INDUSTRIES AND SHIPBUILDING COMPANY K.S.C.,HEAVY ENGINEERING INDUSTRIES AND SHIPBUILDING COMPANY K.S.C.,Y,Y,N,-155,0.975,,,,seed-heuristic
W912BU23C0033,W912BU25CA018,Y,"CONRAD SHIPYARD, L.L.C","CONRAD SHIPYARD, L.L.C",Y,Y,Y,-152,0.975,,,,seed-heuristic
W911S012D0006,W911S016D0008,Y,VIGOR MARINE LLC,VIGOR MARINE LLC,Y,Y,Y,-151,0.975,,,,seed-heuristic
W912EE19A0001,W912EE24A0002,Y,BIG RIVER SHIPBUILDERS INC,BIG RIVER SHIPBUILDERS INC,Y,Y,Y,-153,0.975,,,,seed-heuristic
W912EE24P0025,W912EE24A0002,Y,BIG RIVER SHIPBUILDERS INC,BIG RIVER SHIPBUILDERS INC,Y,Y,Y,-154,0.975,,,,seed-heuristic
W911SD24P0136,W912PM25P0020,Y,BAYONNE DRYDOCK & REPAIR CORP.,BAYONNE DRYDOCK & REPAIR CORP.,Y,Y,N,-154,0.975,,,,seed-heuristic
W9127N23P0079,W9127N23P0109,Y,IHC AMERICA INC,IHC AMERICA INC,Y,Y,Y,-150,0.975,,,,seed-heuristic
W912BU15P0121,W912BU15P0123,Y,"AMERICAN TURBOCHARGER TECHNOLOGIES, LLC","AMERICAN TURBOCHARGER TECHNOLOGIES, LLC",Y,Y,Y,-154,0.975,,,,seed-heuristic
W912EP15P0009,W912EP17A0010,Y,VIKING BOAT WORKS COMPANY,VIKING BOAT WORKS COMPANY,Y,Y,Y,155,0.975,,,,seed-heuristic
W912P816C0002,W912P816C0034,Y,"BOLLINGER LAROSE, L.L.C.","BOLLINGER LAROSE, L.L.C.",Y,Y,Y,152,0.975,,,,seed-heuristic
W912DR19P0098,W912DR20P0046,Y,CAMBRIDGE SHIPYARD FACILITY INC,CAMBRIDGE SHIPYARD FACILITY INC,Y,Y,Y,150,0.975,,,,seed-heuristic
W912P913G0601,W912P922A0029,Y,"MATERIAL SALES COMPANY, INC.","MATERIAL SALES COMPANY, INC.",Y,Y,Y,-160,0.974,,,,seed-heuristic
W912PM22P0008,W912EQ23P0019,Y,"SPI MOBILE PULLEY WORKS, LLC","SPI MOBILE PULLEY WORKS, LLC",Y,Y,N,160,0.974,,,,seed-heuristic
W912DR25PA019,W912DR25PA022,Y,THE GENERAL SHIP REPAIR CORPORATION,THE GENERAL SHIP REPAIR CORPORATION,Y,Y,Y,-157,0.974,,,,seed-heuristic
W912EK23P0024,W912EK24P0054,Y,ILLINOIS MARINE TOWING INC,ILLINOIS MARINE TOWING INC,Y,Y,Y,156,0.974,,,,seed-heuristic
W912P522P0049,47QSWA23D006A,Y,CENTRAL FLORIDA YAMAHA INC,CENTRAL FLORIDA YAMAHA INC,Y,Y,N,-160,0.974,,,,seed-heuristic
W912PM22P0023,W912PM22P0053,Y,"TRANSPORTATION, NORTH CAROLINA DEPARTMENT OF","TRANSPORTATION, NORTH CAROLINA DEPARTMENT OF",Y,Y,Y,161,0.974,,,,seed-heuristic
W912BU13C0056,W912BU15C0022,Y,"BASIC MARINE, INC.","BASIC MARINE, INC.",Y,Y,Y,-164,0.973,,,,seed-heuristic
W912P908G0606,W912P917G0003,Y,"NATIONAL MAINTENANCE & REPAIR OF KENTUCKY, INC.","NATIONAL MAINTENANCE & REPAIR OF KENTUCKY, INC.",Y,Y,Y,-166,0.973,,,,seed-heuristic
W912P714C0003,W912P714C0009,Y,BAY SHIP & YACHT CO,BAY SHIP & YACHT CO,Y,Y,Y,162,0.973,,,,seed-heuristic
W912P923C0004,W912P924P0013,Y,DREDGE CONSTRUCTORS LLC,DREDGE CONSTRUCTORS LLC,Y,Y,Y,166,0.973,,,,seed-heuristic
W912EF23P0033,W912ES25P0029,Y,UNCLE J CUSTOM BOATS LLP,UNCLE J CUSTOM BOATS LLP,Y,Y,N,165,0.973,,,,seed-heuristic
W912WJ15P0233,W912WJ16P0071,Y,MARITIME SOLUTIONS INC,MARITIME SOLUTIONS INC,Y,Y,Y,166,0.973,,,,seed-heuristic
W912QR23P0078,W9123724P0040,Y,"MCGINNIS, INC.","MCGINNIS, INC.",Y,Y,N,171,0.972,,,,seed-heuristic
W912P724C0008,W912P725P0013,Y,BAY SHIP & YACHT CO,BAY SHIP & YACHT CO,Y,Y,Y,-169,0.972,,,,seed-heuristic
W912PM20P0009,W912PM20P0043,Y,"TRANSPORTATION, NORTH CAROLINA DEPARTMENT OF","TRANSPORTATION, NORTH CAROLINA DEPARTMENT OF",Y,Y,Y,170,0.972,,,,seed-heuristic
W9127N18G0002,W912CN21P0015,Y,"PACIFIC SHIPYARDS INTERNATIONAL, LLC","PACIFIC SHIPYARDS INTERNATIONAL, LLC",Y,Y,N,-176,0.971,,,,seed-heuristic
W912DW17P0006,W912DW21P0030,Y,PLATYPUS MARINE INC,PLATYPUS MARINE INC,Y,Y,Y,-174,0.971,,,,seed-heuristic
W912EQ22P0011,W912EQ22P0055,Y,DAVISON MARINE L.L.C,DAVISON MARINE L.L.C,Y,Y,Y,175,0.971,,,,seed-heuristic
W912EP16P0018,GS07F0080J,Y,PANTHER AIR BOAT CORP,PANTHER AIR BOAT CORP,Y,Y,N,177,0.971,,,,seed-heuristic
N6264919C0006,W56HZV21DL024,Y,"YOKOHAMA ENGINEERING WORKS, LTD.","YOKOHAMA ENGINEERING WORKS, LTD.",Y,Y,N,180,0.97,,,,seed-heuristic
W9127N11D0010,W9127N16G0002,Y,VIGOR MARINE LLC,VIGOR MARINE LLC,Y,Y,Y,-184,0.97,,,,seed-heuristic
W912P912G0601,W912P922A0031,Y,NATIONAL MAINTENANCE & REPAIR INC,NATIONAL MAINTENANCE & REPAIR INC,Y,Y,Y,184,0.97,,,,seed-heuristic
W912P818C0030,W9127N20P0134,Y,"PROPULSION SYSTEMS, INC.","PROPULSION SYSTEMS, INC.",Y,Y,N,182,0.97,,,,seed-heuristic
W912P821P0008,W912P823P0043,Y,"PROPULSION SYSTEMS, INC.","PROPULSION SYSTEMS, INC.",Y,Y,Y,183,0.97,,,,seed-heuristic
GS07F0011J,W9127819P0008,Y,"BRUNSWICK COMMERCIAL & GOVERNMENT PRODUCTS, INC.","BRUNSWICK COMMERCIAL & GOVERNMENT PRODUCTS, INC.",Y,Y,N,182,0.97,,,,seed-heuristic
W912DW20P0069,W9127N21P0039,Y,"WCT MARINE & CONSTRUCTION, INC.","WCT MARINE & CONSTRUCTION, INC.",Y,Y,N,181,0.97,,,,seed-heuristic
W9127N15P0110,W9127N15P0147,Y,"NW BEND BOATS, LLC","NW BEND BOATS, LLC",Y,Y,Y,-182,0.97,,,,seed-heuristic
W91QEX22P0040,W91QEX23P0037,Y,BRUNSWICK CORP,BRUNSWICK CORP,Y,Y,Y,183,0.97,,,,seed-heuristic
W911S223P1413,W911S223P1394,Y,ADVANCED RESCUE BOATS AND EQUIPMENT LLC,ADVANCED RESCUE BOATS AND EQUIPMENT LLC,Y,Y,Y,-180,0.97,,,,seed-heuristic
W912PM16P0031,W912PM16P0095,Y,"TRANSPORTATION, NORTH CAROLINA DEPARTMENT OF","TRANSPORTATION, NORTH CAROLINA DEPARTMENT OF",Y,Y,Y,181,0.97,,,,seed-heuristic
W9127817P0078,W912EE18A0004,Y,"MASTER MARINE, INC.","MASTER MARINE, INC.",Y,Y,N,189,0.969,,,,seed-heuristic
W912PM14D0002,W912PM19D0005,Y,"SCOTT, BILLY","SCOTT, BILLY",Y,Y,Y,190,0.969,,,,seed-heuristic
W9123814P0126,W912DQ15C1114,Y,WILLIAM E. MUNSON COMPANY,WILLIAM E. MUNSON COMPANY,Y,Y,N,194,0.968,,,,seed-heuristic
W912P822P0020,W912P823P0007,Y,"SURVEY EQUIPMENT SERVICES, INC.","SURVEY EQUIPMENT SERVICES, INC.",Y,Y,Y,192,0.968,,,,seed-heuristic
W912PM23P0019,W912PM23P0050,Y,"TRANSPORTATION, NORTH CAROLINA DEPARTMENT OF","TRANSPORTATION, NORTH CAROLINA DEPARTMENT OF",Y,Y,Y,195,0.968,,,,seed-heuristic
W9127N16G0002,W9127N19G0002,Y,VIGOR MARINE LLC,VIGOR MARINE LLC,Y,Y,Y,200,0.967,,,,seed-heuristic
W912P415C0002,W912P416C0003,Y,THE GREAT LAKES TOWING COMPANY LLC,THE GREAT LAKES TOWING COMPANY LLC,Y,Y,Y,198,0.967,,,,seed-heuristic
W912ES20P0034,W912ES21P0003,Y,BRENNAN MARINE INC,BRENNAN MARINE INC,Y,Y,Y,200,0.967,,,,seed-heuristic
W912EP16P0016,W912EP19C0011,Y,"NORTH FLORIDA SHIPYARDS, INC.","NORTH FLORIDA SHIPYARDS, INC.",Y,Y,Y,198,0.967,,,,seed-heuristic
W912EQ19C0015,W912EE21P0048,Y,"CONRAD SHIPYARD, L.L.C","CONRAD SHIPYARD, L.L.C",Y,Y,N,205,0.966,,,,seed-heuristic
W912P815C0061,W9127N18P0055,Y,"PROPULSION SYSTEMS, INC.","PROPULSION SYSTEMS, INC.",Y,Y,N,214,0.965,,,,seed-heuristic
W912PM25P0057,W912PM26PA027,Y,"TRANSPORTATION, NORTH CAROLINA DEPARTMENT OF","TRANSPORTATION, NORTH CAROLINA DEPARTMENT OF",Y,Y,Y,211,0.965,,,,seed-heuristic
W912QM12D0001,W912QM16P0042,Y,MISCELLANEOUS FOREIGN AWARDEES,MISCELLANEOUS FOREIGN AWARDEES,Y,Y,Y,221,0.964,,,,seed-heuristic
W9127N20P0001,W9127N20P0075,Y,"PROPULSION SYSTEMS, INC.","PROPULSION SYSTEMS, INC.",Y,Y,Y,218,0.964,,,,seed-heuristic
W91QEX20P0022,W91QEX21P0028,Y,"ZODIAC OF NORTH AMERICA, INC.","ZODIAC OF NORTH AMERICA, INC.",Y,Y,Y,227,0.963,,,,seed-heuristic
W912BU14P0062,W912BU16C0003,Y,"SILVER SHIPS, INC","SILVER SHIPS, INC",Y,Y,Y,232,0.962,,,,seed-heuristic
W912QR15C0005,W912QR16C0005,Y,"MCGINNIS, INC.","MCGINNIS, INC.",Y,Y,Y,232,0.962,,,,seed-heuristic
W912P818P0064,W912P819P0042,Y,"VAST INDUSTRIES, LLC","VAST INDUSTRIES, LLC",Y,Y,Y,229,0.962,,,,seed-heuristic
W911SF15P0109,W911SF16P0040,Y,AMERICAN CLASSIC CONSTRUCTION INC.,AMERICAN CLASSIC CONSTRUCTION INC.,Y,Y,Y,231,0.962,,,,seed-heuristic
W911S223P0724,W911S224P0232,Y,US21 INC,US21 INC,Y,Y,Y,230,0.962,,,,seed-heuristic
N6264919C0003,N6264919C0006,Y,"YOKOHAMA ENGINEERING WORKS, LTD.","YOKOHAMA ENGINEERING WORKS, LTD.",Y,Y,Y,-241,0.96,,,,seed-heuristic
W912QR24P0103,W9123725P0002,Y,"MCGINNIS, INC.","MCGINNIS, INC.",Y,Y,N,-245,0.96,,,,seed-heuristic
W912EE18A0003,W912P922A0026,Y,JAMES MARINE INC,JAMES MARINE INC,Y,Y,N,-246,0.96,,,,seed-heuristic
W912PM21P0009,W912PM21P0075,Y,JARRETT BAY BOATWORKS INC,JARRETT BAY BOATWORKS INC,Y,Y,Y,245,0.96,,,,seed-heuristic
W912P820C0038,W912P821C0022,Y,TAMPA SHIP LLC,TAMPA SHIP LLC,Y,Y,Y,250,0.959,,,,seed-heuristic
W912ES24P0133,W912ES24P0154,Y,"CLARK BOAT CO., INC.","CLARK BOAT CO., INC.",Y,Y,Y,-247,0.959,,,,seed-heuristic
W912PM18P0096,W912PM19P0039,Y,"TRANSPORTATION, NORTH CAROLINA DEPARTMENT OF","TRANSPORTATION, NORTH CAROLINA DEPARTMENT OF",Y,Y,Y,247,0.959,,,,seed-heuristic
W912DQ17P1023,W912DQ18P1028,Y,OQUAWKA BOATS & FABRICATIONS INC,OQUAWKA BOATS & FABRICATIONS INC,Y,Y,Y,258,0.958,,,,seed-heuristic
W912PM20P0024,W912PM21P0009,Y,JARRETT BAY BOATWORKS INC,JARRETT BAY BOATWORKS INC,Y,Y,Y,256,0.958,,,,seed-heuristic
W912ES17P0136,W912EP18P0026,Y,DIAMONDBACK MANUFACTURING LLC,DIAMONDBACK MANUFACTURING LLC,Y,Y,N,259,0.957,,,,seed-heuristic
W9127N25PA021,W9127N25PA025,Y,"BENDER CCP, INC.","BENDER CCP, INC.",Y,Y,Y,-266,0.956,,,,seed-heuristic
W912P815P0074,W912P816P0067,Y,TOTAL MARINE SERVICES OF JEFFERSON INC,TOTAL MARINE SERVICES OF JEFFERSON INC,Y,Y,Y,270,0.956,,,,seed-heuristic
W52P1J20P0044,W52P1J21C0029,Y,"CAPE FEAR BOAT WORKS, INC","CAPE FEAR BOAT WORKS, INC",Y,Y,Y,269,0.956,,,,seed-heuristic
W912EK15P0091,W912EK16P0074,Y,"ROSS LABS, LLC","ROSS LABS, LLC",Y,Y,Y,265,0.956,,,,seed-heuristic
W912EE22P0051,W912EE23P0035,Y,BIG RIVER SHIPBUILDERS INC,BIG RIVER SHIPBUILDERS INC,Y,Y,Y,273,0.955,,,,seed-heuristic
W912P821P0035,W912P822P0020,Y,"SURVEY EQUIPMENT SERVICES, INC.","SURVEY EQUIPMENT SERVICES, INC.",Y,Y,Y,275,0.955,,,,seed-heuristic
W912QR14P0093,W912QR15C0020,Y,"NATIONAL MAINTENANCE & REPAIR OF KENTUCKY, INC.","NATIONAL MAINTENANCE & REPAIR OF KENTUCKY, INC.",Y,Y,Y,278,0.954,,,,seed-heuristic
W912EK24P0033,W912EE25P0029,Y,DUBUQUE BARGE AND FLEETING SERVICE CO,DUBUQUE BARGE AND FLEETING SERVICE CO,Y,Y,N,283,0.954,,,,seed-heuristic
W912BU16C0029,W912BU18C0019,Y,"METAL TRADES, LLC","METAL TRADES, LLC",Y,Y,Y,286,0.953,,,,seed-heuristic
W912ES19P0048,W912ES20P0022,Y,BRENNAN MARINE INC,BRENNAN MARINE INC,Y,Y,Y,286,0.953,,,,seed-heuristic
GS07F090GA,W91ZLK20P0052,Y,DIAMONDBACK MANUFACTURING LLC,DIAMONDBACK MANUFACTURING LLC,Y,Y,N,285,0.953,,,,seed-heuristic
W912P816C0068,W912P817C0043,Y,"WORLD MARINE OF ALABAMA, LLC","WORLD MARINE OF ALABAMA, LLC",Y,Y,Y,294,0.952,,,,seed-heuristic
W912P515P0082,W912P517P0004,Y,"NATIONAL MAINTENANCE & REPAIR OF KENTUCKY, INC.","NATIONAL MAINTENANCE & REPAIR OF KENTUCKY, INC.",Y,Y,Y,291,0.952,,,,seed-heuristic
W912EP10D0002,W912EP15P0009,Y,VIKING BOAT WORKS COMPANY,VIKING BOAT WORKS COMPANY,Y,Y,Y,290,0.952,,,,seed-heuristic
W912DS17P0025,W912DS18P0026,Y,MARINE SAFETY CORP,MARINE SAFETY CORP,Y,Y,Y,293,0.952,,,,seed-heuristic
W912P424P0003,W912P425CA002,Y,THE GREAT LAKES TOWING COMPANY LLC,THE GREAT LAKES TOWING COMPANY LLC,Y,Y,Y,301,0.951,,,,seed-heuristic
W91QEX23P0037,W91QEX24P0056,Y,BRUNSWICK CORP,BRUNSWICK CORP,Y,Y,Y,300,0.951,,,,seed-heuristic
W912PM22P0018,W912PM23P0022,Y,"GL POWER, INC.","GL POWER, INC.",Y,Y,Y,297,0.951,,,,seed-heuristic
N6264914G0004,N6264918C0005,Y,"SUMITOMO HEAVY INDUSTRIES, LTD","SUMITOMO HEAVY INDUSTRIES, LTD",Y,Y,Y,308,0.949,,,,seed-heuristic
W912HZ24P0065,W912HZ24P0115,Y,"LIFETYME BOATS, INC.","LIFETYME BOATS, INC.",Y,Y,Y,-308,0.949,,,,seed-heuristic
W912PM15P0055,W912PM16P0031,Y,"TRANSPORTATION, NORTH CAROLINA DEPARTMENT OF","TRANSPORTATION, NORTH CAROLINA DEPARTMENT OF",Y,Y,Y,313,0.949,,,,seed-heuristic
W912BU24C0040,W912BU25CA034,Y,SOUTHWEST SHIPYARD LP,SOUTHWEST SHIPYARD LP,Y,Y,Y,-318,0.948,,,,seed-heuristic
W912BU16C0035,W912BU19C0038,Y,"CONRAD SHIPYARD, L.L.C","CONRAD SHIPYARD, L.L.C",Y,Y,Y,315,0.948,,,,seed-heuristic
W912EQ19C0014,W912BU23C0007,Y,"CONRAD SHIPYARD, L.L.C","CONRAD SHIPYARD, L.L.C",Y,Y,N,-317,0.948,,,,seed-heuristic
W912BU16C0005,W912BU16C0062,Y,"TAI ENGINEERS, LLC","TAI ENGINEERS, LLC",Y,Y,Y,-318,0.948,,,,seed-heuristic
W912P714C0009,W912P715C0021,Y,BAY SHIP & YACHT CO,BAY SHIP & YACHT CO,Y,Y,Y,317,0.948,,,,seed-heuristic
W912PM21P0055,W912PM22P0023,Y,"TRANSPORTATION, NORTH CAROLINA DEPARTMENT OF","TRANSPORTATION, NORTH CAROLINA DEPARTMENT OF",Y,Y,Y,315,0.948,,,,seed-heuristic
W91QEX23P0022,W91QEX24P0051,Y,SAFE BOATS INTERNATIONAL LLC,SAFE BOATS INTERNATIONAL LLC,Y,Y,Y,325,0.947,,,,seed-heuristic
W9126G17P0253,W9126G19P0002,Y,"BOAT RIGHT MARINE, INC","BOAT RIGHT MARINE, INC",Y,Y,Y,325,0.947,,,,seed-heuristic
W9128F15P0101,W912ES16P0132,Y,KANN MANUFACTURING CORP,KANN MANUFACTURING CORP,Y,Y,N,320,0.947,,,,seed-heuristic
W912EE21P0048,W912EE22P0042,Y,"CONRAD SHIPYARD, L.L.C","CONRAD SHIPYARD, L.L.C",Y,Y,Y,334,0.945,,,,seed-heuristic
GS07F0063J,47QSWA18D004E,Y,"WORKSKIFF, INC.","WORKSKIFF, INC.",Y,Y,N,337,0.945,,,,seed-heuristic
W912P820A0005,W912EQ25C0003,Y,"NEXT GENERATION LOGISTICS, LLC","NEXT GENERATION LOGISTICS, LLC",Y,Y,N,-334,0.945,,,,seed-heuristic
W9123615C0020,W9123616P0017,Y,"COLONNA'S SHIP YARD, INCORPORATED","COLONNA'S SHIP YARD, INCORPORATED",Y,Y,Y,338,0.944,,,,seed-heuristic
W912DS22P0004,W912BU23P0012,Y,BAYONNE DRYDOCK & REPAIR CORP.,BAYONNE DRYDOCK & REPAIR CORP.,Y,Y,N,343,0.944,,,,seed-heuristic
W9127820P0107,W9127821P0096,Y,"SHARK TECH, LLC","SHARK TECH, LLC",Y,Y,Y,342,0.944,,,,seed-heuristic
W912JB15C9000,W912JB16P9004,Y,FOGG TOWING & MARINE LLC,FOGG TOWING & MARINE LLC,Y,Y,Y,342,0.944,,,,seed-heuristic
W912DQ22P1055,W912DQ23P1088,Y,"EBERLIN BOATS & MOTORS, INC.","EBERLIN BOATS & MOTORS, INC.",Y,Y,Y,341,0.944,,,,seed-heuristic
W9127815P0139,W9127816C0015,Y,HORIZON SHIPBUILDING INC,HORIZON SHIPBUILDING INC,Y,Y,Y,348,0.943,,,,seed-heuristic
W9127N15G0002,W9127N19G0002,Y,VIGOR MARINE LLC,VIGOR MARINE LLC,Y,Y,Y,351,0.942,,,,seed-heuristic
W912EK17C0065,W912EK19C0003,Y,ILLINOIS MARINE TOWING INC,ILLINOIS MARINE TOWING INC,Y,Y,Y,359,0.941,,,,seed-heuristic
W9127N24P0007,W9127N25CA017,Y,"HAGLER SYSTEMS, INC.","HAGLER SYSTEMS, INC.",Y,Y,Y,362,0.941,,,,seed-heuristic
W912P917G0003,W912QR21P0042,Y,"NATIONAL MAINTENANCE & REPAIR OF KENTUCKY, INC.","NATIONAL MAINTENANCE & REPAIR OF KENTUCKY, INC.",Y,Y,N,-366,0.94,,,,seed-heuristic
W9127N21P0039,W9127N21P0040,Y,"WCT MARINE & CONSTRUCTION, INC.","WCT MARINE & CONSTRUCTION, INC.",Y,Y,Y,-365,0.94,,,,seed-heuristic
W9127N24P0116,W9127N24P0117,Y,"WCT MARINE & CONSTRUCTION, INC.","WCT MARINE & CONSTRUCTION, INC.",Y,Y,Y,-365,0.94,,,,seed-heuristic
W9127821P0096,W9127822P0084,Y,"SHARK TECH, LLC","SHARK TECH, LLC",Y,Y,Y,364,0.94,,,,seed-heuristic
W912HP16P0001,W912HP17P0006,Y,"R2SONIC, LLC","R2SONIC, LLC",Y,Y,Y,-368,0.94,,,,seed-heuristic
W9123719P0068,W9123721P0001,Y,"NATIONAL MAINTENANCE & REPAIR OF KENTUCKY, INC.","NATIONAL MAINTENANCE & REPAIR OF KENTUCKY, INC.",Y,Y,Y,371,0.939,,,,seed-heuristic
W9123720P0020,W9123721P0041,Y,"SUPERIOR MARINE WAYS, INC","SUPERIOR MARINE WAYS, INC",Y,Y,Y,373,0.939,,,,seed-heuristic
W912PP15P0069,W9123716P0128,Y,"FIRE & MARINE, INC.","FIRE & MARINE, INC.",Y,Y,N,369,0.939,,,,seed-heuristic
W912P917G0009,W912DW21P0030,Y,PLATYPUS MARINE INC,PLATYPUS MARINE INC,Y,Y,N,-376,0.938,,,,seed-heuristic
W912EQ20P0008,W912EE21P0048,Y,"CONRAD SHIPYARD, L.L.C","CONRAD SHIPYARD, L.L.C",Y,Y,N,383,0.937,,,,seed-heuristic
W9123718P0038,W912P519A0004,Y,"NATIONAL MAINTENANCE & REPAIR OF KENTUCKY, INC.","NATIONAL MAINTENANCE & REPAIR OF KENTUCKY, INC.",Y,Y,N,392,0.936,,,,seed-heuristic
GS07F216CA,W9126G17C0095,Y,VETERANS' GROUP LLC,VETERANS' GROUP LLC,Y,Y,N,-388,0.936,,,,seed-heuristic
W912EF20C0018,W9127S22P0061,Y,"ANTHONY'S ALUMINUM BOATS, LLC","ANTHONY'S ALUMINUM BOATS, LLC",Y,Y,N,391,0.936,,,,seed-heuristic
W912BU20C0008,W912BU20C0035,Y,"SILVER SHIPS, INC","SILVER SHIPS, INC",Y,Y,Y,-393,0.935,,,,seed-heuristic
W912EK19C0003,W912EK20P0046,Y,ILLINOIS MARINE TOWING INC,ILLINOIS MARINE TOWING INC,Y,Y,Y,393,0.935,,,,seed-heuristic
W9127823P0097,W9127825P0056,Y,SAUNDERS ENGINE & EQUIPMENT CO INC,SAUNDERS ENGINE & EQUIPMENT CO INC,Y,Y,Y,404,0.934,,,,seed-heuristic
W912PM16P0087,W912PM17P1155,Y,GREGORY POOLE EQUIPMENT COMPANY,GREGORY POOLE EQUIPMENT COMPANY,Y,Y,Y,407,0.933,,,,seed-heuristic
W56HZV14C0015,W56HZV19D0093,Y,BIRDON AMERICA INC,BIRDON AMERICA INC,Y,Y,Y,-415,0.932,Confirmed,,seed: validated Birdon C-contract -> IDV follow-on (lineage_detection log),seed-heuristic
W912P813P0155,W912P815P0074,Y,TOTAL MARINE SERVICES OF JEFFERSON INC,TOTAL MARINE SERVICES OF JEFFERSON INC,Y,Y,Y,412,0.932,,,,seed-heuristic
W912BU24C0042,W912PM25P0045,Y,"THOMA-SEA MARINE CONSTRUCTORS, L.L.C.","THOMA-SEA MARINE CONSTRUCTORS, L.L.C.",Y,Y,N,-426,0.93,,,,seed-heuristic
W912BU14P0101,W912DS16A0018,Y,YANK MARINE INC,YANK MARINE INC,Y,Y,N,430,0.929,,,,seed-heuristic
W9127N15D0005,W9127N19G0002,Y,VIGOR MARINE LLC,VIGOR MARINE LLC,Y,Y,Y,443,0.927,,,,seed-heuristic
GS07F0034J,W9127S20P0008,Y,"SILVER SHIPS, INC","SILVER SHIPS, INC",Y,Y,N,450,0.926,,,,seed-heuristic
W9123720P0081,W9123722P0038,Y,"AMHERST MADISON, INC.","AMHERST MADISON, INC.",Y,Y,Y,455,0.925,,,,seed-heuristic
W9127N19G0002,W9127N24G0002,Y,VIGOR MARINE LLC,VIGOR MARINE LLC,Y,Y,Y,461,0.924,,,,seed-heuristic
W912P519A0004,W912QR25PA047,Y,"NATIONAL MAINTENANCE & REPAIR OF KENTUCKY, INC.","NATIONAL MAINTENANCE & REPAIR OF KENTUCKY, INC.",Y,Y,N,469,0.923,,,,seed-heuristic
W9123621D5045,W50S8625PA002,Y,"FAIRLEAD BOATWORKS, INC.","FAIRLEAD BOATWORKS, INC.",Y,Y,N,-467,0.923,,,,seed-heuristic
W912EK23P0026,W911WN24P0023,Y,OQUAWKA BOATS & FABRICATIONS INC,OQUAWKA BOATS & FABRICATIONS INC,Y,Y,N,466,0.923,,,,seed-heuristic
W91QEX15P0024,W91QEX16P0054,Y,SAFE BOATS INTERNATIONAL LLC,SAFE BOATS INTERNATIONAL LLC,Y,Y,Y,470,0.923,,,,seed-heuristic
W9127N23P0024,W9127N24P0086,Y,COASTAL AMX MARINE LLC,COASTAL AMX MARINE LLC,Y,Y,Y,482,0.921,,,,seed-heuristic
W9123723P0029,W9123725P0004,Y,"SUPERIOR MARINE WAYS, INC","SUPERIOR MARINE WAYS, INC",Y,Y,Y,488,0.92,,,,seed-heuristic
W912DW19P0073,W912DW21P0082,Y,"PACIFIC NETTING PRODUCTS, INC.","PACIFIC NETTING PRODUCTS, INC.",Y,Y,Y,484,0.92,,,,seed-heuristic
W9127822P0084,W9127824P0006,Y,"SHARK TECH, LLC","SHARK TECH, LLC",Y,Y,Y,486,0.92,,,,seed-heuristic
W9123721P0041,W9123723P0029,Y,"SUPERIOR MARINE WAYS, INC","SUPERIOR MARINE WAYS, INC",Y,Y,Y,496,0.919,,,,seed-heuristic
W912EK15P0120,W912EK17P0045,Y,ILLINOIS MARINE TOWING INC,ILLINOIS MARINE TOWING INC,Y,Y,Y,495,0.919,,,,seed-heuristic
W9098S16P0357,W9098S18P0134,Y,CS HYDE CO,CS HYDE CO,Y,Y,Y,495,0.919,,,,seed-heuristic
W9127N21C0048,W9127N23G0002,Y,"PACIFIC SHIPYARDS INTERNATIONAL, LLC","PACIFIC SHIPYARDS INTERNATIONAL, LLC",Y,Y,Y,497,0.918,,,,seed-heuristic
W9127N24P0003,W9127N25PA027,Y,"PROPULSION SYSTEMS, INC.","PROPULSION SYSTEMS, INC.",Y,Y,Y,500,0.918,,,,seed-heuristic
W912EE18A0006,W912EE24A0004,Y,"VERRET SHIPYARD, INC.","VERRET SHIPYARD, INC.",Y,Y,Y,499,0.918,,,,seed-heuristic
W912BV17P0014,W9127S18P0168,Y,CANADY ENTERPRISES INC.,CANADY ENTERPRISES INC.,Y,Y,N,500,0.918,,,,seed-heuristic
W912P907G0604,W912P917G0002,Y,"FABICK POWER SYSTEMS, INC.","FABICK POWER SYSTEMS, INC.",Y,Y,Y,508,0.917,,,,seed-heuristic
W912DW23P0056,W912DW25P0037,Y,PLATYPUS MARINE INC,PLATYPUS MARINE INC,Y,Y,Y,511,0.916,,,,seed-heuristic
W912EQ21P0056,W912EQ24A0002,Y,HUCO BLASTING SERVICES LLC,HUCO BLASTING SERVICES LLC,Y,Y,Y,512,0.916,,,,seed-heuristic
W912P415P0048,W912DW17P0038,Y,MEASUTRONICS CORPORATION,MEASUTRONICS CORPORATION,Y,Y,N,510,0.916,,,,seed-heuristic
W912BU18C0019,W912BU19C0048,Y,"METAL TRADES, LLC","METAL TRADES, LLC",Y,Y,Y,-528,0.913,,,,seed-heuristic
W912P917G0001,W912EK21P0089,Y,NATIONAL MAINTENANCE & REPAIR INC,NATIONAL MAINTENANCE & REPAIR INC,Y,Y,N,-544,0.911,,,,seed-heuristic
W912EP10D0005,W912EP17A0008,Y,ST. JOHNS BOAT COMPANY,ST. JOHNS BOAT COMPANY,Y,Y,Y,544,0.911,,,,seed-heuristic
W9123620P5003,W9123621D5045,Y,"FAIRLEAD BOATWORKS, INC.","FAIRLEAD BOATWORKS, INC.",Y,Y,Y,545,0.91,,,,seed-heuristic
W912EP15P0013,W912EP17A0010,Y,VIKING BOAT WORKS COMPANY,VIKING BOAT WORKS COMPANY,Y,Y,Y,549,0.91,,,,seed-heuristic
W9123717P0010,W912QR18P0112,Y,"NATIONAL MAINTENANCE & REPAIR OF KENTUCKY, INC.","NATIONAL MAINTENANCE & REPAIR OF KENTUCKY, INC.",Y,Y,N,546,0.91,,,,seed-heuristic
W912ES20P0122,W912ES22P0103,Y,"NORTHERN MACHINING & REPAIR, INC","NORTHERN MACHINING & REPAIR, INC",Y,Y,Y,555,0.909,,,,seed-heuristic
W911SF16P0040,W911S218P0156,Y,AMERICAN CLASSIC CONSTRUCTION INC.,AMERICAN CLASSIC CONSTRUCTION INC.,Y,Y,N,555,0.909,,,,seed-heuristic
W912PM13P0178,W912PM15P0055,Y,"TRANSPORTATION, NORTH CAROLINA DEPARTMENT OF","TRANSPORTATION, NORTH CAROLINA DEPARTMENT OF",Y,Y,Y,552,0.909,,,,seed-heuristic
W912ES16P0005,W912ES18P0009,Y,BRENNAN MARINE INC,BRENNAN MARINE INC,Y,Y,Y,593,0.903,,,,seed-heuristic
W911KB16P0018,W912D018P0032,Y,BOAT SHOP INCORPORATED,BOAT SHOP INCORPORATED,Y,Y,N,591,0.903,,,,seed-heuristic
W912QR13C0003,W912QR15C0005,Y,"MCGINNIS, INC.","MCGINNIS, INC.",Y,Y,Y,604,0.901,,,,seed-heuristic
W912DQ18P1028,W912DQ20P1026,Y,OQUAWKA BOATS & FABRICATIONS INC,OQUAWKA BOATS & FABRICATIONS INC,Y,Y,Y,627,0.897,,,,seed-heuristic
W912DW18P0004,W912DW21P0030,Y,PLATYPUS MARINE INC,PLATYPUS MARINE INC,Y,Y,Y,641,0.895,,,,seed-heuristic
W912P909G0601,W912P917G0004,Y,"J.B. MARINE SERVICE, INC.","J.B. MARINE SERVICE, INC.",Y,Y,Y,641,0.895,,,,seed-heuristic
W912HZ19P0104,W912HZ21P0090,Y,PRO DRIVE OUTBOARD L.L.C.,PRO DRIVE OUTBOARD L.L.C.,Y,Y,Y,648,0.894,,,,seed-heuristic
W912EK20P0084,W912EK22P0046,Y,ILLINOIS MARINE TOWING INC,ILLINOIS MARINE TOWING INC,Y,Y,Y,651,0.893,,,,seed-heuristic
W912ES16P0132,W912P518P0076,Y,KANN MANUFACTURING CORP,KANN MANUFACTURING CORP,Y,Y,N,654,0.893,,,,seed-heuristic
W912DW21P0030,W912DW23P0053,Y,PLATYPUS MARINE INC,PLATYPUS MARINE INC,Y,Y,Y,674,0.889,,,,seed-heuristic
W912P823C0009,W912P824C0031,Y,ALABAMA SHIPYARD LLC,ALABAMA SHIPYARD LLC,Y,Y,Y,679,0.888,,,,seed-heuristic
W9126G15P0019,W9126G17C0070,Y,NORTH SHORE BOAT WORKS INC,NORTH SHORE BOAT WORKS INC,Y,Y,Y,681,0.888,,,,seed-heuristic
W912EP15P0022,W912ES17P0136,Y,DIAMONDBACK MANUFACTURING LLC,DIAMONDBACK MANUFACTURING LLC,Y,Y,N,681,0.888,,,,seed-heuristic
W9127S20P0008,W9127S23P0003,Y,"SILVER SHIPS, INC","SILVER SHIPS, INC",Y,Y,Y,689,0.887,,,,seed-heuristic
W912BU18P0004,W912BU19C0046,Y,"ENGINE SYSTEMS, INC.","ENGINE SYSTEMS, INC.",Y,Y,Y,686,0.887,,,,seed-heuristic
W912EE16P0079,W912EE18P0076,Y,QUALITY PARTS ON TIME LLC,QUALITY PARTS ON TIME LLC,Y,Y,Y,688,0.887,,,,seed-heuristic
W9127N19P0019,W9127N21P0017,Y,WING INFLATABLES INC,WING INFLATABLES INC,Y,Y,Y,686,0.887,,,,seed-heuristic
W912DQ23P1032,W912DQ26PA015,Y,OQUAWKA BOATS & FABRICATIONS INC,OQUAWKA BOATS & FABRICATIONS INC,Y,Y,Y,706,0.884,,,,seed-heuristic
W912EK21P0017,W912EK23P0024,Y,ILLINOIS MARINE TOWING INC,ILLINOIS MARINE TOWING INC,Y,Y,Y,714,0.883,,,,seed-heuristic
W912P816P0144,W9127N18P0172,Y,"SEAFLOOR SYSTEMS, INC.","SEAFLOOR SYSTEMS, INC.",Y,Y,N,712,0.883,,,,seed-heuristic
W912EQ17P0054,W912EQ19P0061,Y,QUALITY PARTS ON TIME LLC,QUALITY PARTS ON TIME LLC,Y,Y,Y,712,0.883,,,,seed-heuristic
W9123616P0017,W9123618C0011,Y,"COLONNA'S SHIP YARD, INCORPORATED","COLONNA'S SHIP YARD, INCORPORATED",Y,Y,Y,717,0.882,,,,seed-heuristic
W9127N20C0010,W9127N22P0073,Y,LOUIS ALLIS LLC,LOUIS ALLIS LLC,Y,Y,Y,722,0.881,,,,seed-heuristic
W9127815C0001,W9127817P0078,Y,"MASTER MARINE, INC.","MASTER MARINE, INC.",Y,Y,Y,731,0.88,,,,seed-heuristic
W912BU22P0039,W912DS25C0002,Y,THAMES SHIPYARD & REPAIR COMPANY THE,THAMES SHIPYARD & REPAIR COMPANY THE,Y,Y,N,738,0.879,,,,seed-heuristic
W912HZ19P0097,W912HZ21P0089,Y,"LIFETYME BOATS, INC.","LIFETYME BOATS, INC.",Y,Y,Y,741,0.878,,,,seed-heuristic
W912DQ20P1026,W912DQ23P1032,Y,OQUAWKA BOATS & FABRICATIONS INC,OQUAWKA BOATS & FABRICATIONS INC,Y,Y,Y,751,0.877,,,,seed-heuristic
W912P721C0015,W912P724C0008,Y,BAY SHIP & YACHT CO,BAY SHIP & YACHT CO,Y,Y,Y,763,0.875,,,,seed-heuristic
W912P719P0003,W912P721C0015,Y,BAY SHIP & YACHT CO,BAY SHIP & YACHT CO,Y,Y,Y,776,0.873,,,,seed-heuristic
W912BU19P0043,W912BU21C0064,Y,"COLONNA'S SHIP YARD, INCORPORATED","COLONNA'S SHIP YARD, INCORPORATED",Y,Y,Y,778,0.872,,,,seed-heuristic
W9123718P0059,W9123721P0016,Y,"MCGINNIS, INC.","MCGINNIS, INC.",Y,Y,Y,785,0.871,,,,seed-heuristic
W912QR18P0112,W912P521P0009,Y,"NATIONAL MAINTENANCE & REPAIR OF KENTUCKY, INC.","NATIONAL MAINTENANCE & REPAIR OF KENTUCKY, INC.",Y,Y,N,785,0.871,,,,seed-heuristic
W9123615P0028,W9123618P0002,Y,"SC MARINE GROUP, LLC","SC MARINE GROUP, LLC",Y,Y,Y,786,0.871,,,,seed-heuristic
W912HP15P0002,W912HP17P5002,Y,MARINE PROPULSION CORP,MARINE PROPULSION CORP,Y,Y,Y,800,0.869,,,,seed-heuristic
W912EQ21P0014,W912EE24P0025,Y,BIG RIVER SHIPBUILDERS INC,BIG RIVER SHIPBUILDERS INC,Y,Y,N,806,0.868,,,,seed-heuristic
W9123718P0035,W9123720P0089,Y,"AMHERST MADISON, INC.","AMHERST MADISON, INC.",Y,Y,Y,811,0.867,,,,seed-heuristic
W9126G18P0228,W912HY21P0005,Y,"NATIONAL COTTON, INC","NATIONAL COTTON, INC",Y,Y,N,808,0.867,,,,seed-heuristic
W912BU16P0071,W912BU18P0069,Y,"AMERICAN TURBOCHARGER TECHNOLOGIES, LLC","AMERICAN TURBOCHARGER TECHNOLOGIES, LLC",Y,Y,Y,813,0.866,,,,seed-heuristic
W912P816P0067,W912P818P0102,Y,TOTAL MARINE SERVICES OF JEFFERSON INC,TOTAL MARINE SERVICES OF JEFFERSON INC,Y,Y,Y,823,0.865,,,,seed-heuristic
W912DW22P0047,W912DW25P0006,Y,COASTAL AMX MARINE LLC,COASTAL AMX MARINE LLC,Y,Y,Y,823,0.865,,,,seed-heuristic
W56HZV22P0039,W912CH25C0037,Y,"LAKE SHORE SYSTEMS, INC.","LAKE SHORE SYSTEMS, INC.",Y,Y,N,840,0.862,,,,seed-heuristic
W912BU15P0024,W912BU17P0062,Y,JOHNSON & TOWERS LLC,JOHNSON & TOWERS LLC,Y,Y,Y,841,0.862,,,,seed-heuristic
W911SF15P0107,W912HN18P5026,Y,"MARCON INTERNATIONAL USA, INC","MARCON INTERNATIONAL USA, INC",Y,Y,N,847,0.861,,,,seed-heuristic
W9127N22P0006,W9127N24G0004,Y,"PACIFIC POWER GROUP, LLC","PACIFIC POWER GROUP, LLC",Y,Y,Y,860,0.859,,,,seed-heuristic
W912EE21P0014,W912EE24P0005,Y,DREDGE CONSTRUCTORS LLC,DREDGE CONSTRUCTORS LLC,Y,Y,Y,857,0.859,,,,seed-heuristic
W9127N21P0040,W9127N24P0116,Y,"WCT MARINE & CONSTRUCTION, INC.","WCT MARINE & CONSTRUCTION, INC.",Y,Y,Y,864,0.858,,,,seed-heuristic
W912QR15C0020,W912QR18P0052,Y,"NATIONAL MAINTENANCE & REPAIR OF KENTUCKY, INC.","NATIONAL MAINTENANCE & REPAIR OF KENTUCKY, INC.",Y,Y,Y,873,0.857,,,,seed-heuristic
W912DR15P0079,W912BU18G0002,Y,THE GENERAL SHIP REPAIR CORPORATION,THE GENERAL SHIP REPAIR CORPORATION,Y,Y,N,891,0.854,,,,seed-heuristic
W912P816P0036,W9127N18P0141,Y,TELEDYNE RESON INC,TELEDYNE RESON INC,Y,Y,N,903,0.852,,,,seed-heuristic
W9127N18C0077,W9127N21P0047,Y,"C.H.W. ENTERPRISES, LLC","C.H.W. ENTERPRISES, LLC",Y,Y,Y,905,0.851,,,,seed-heuristic
W9113M12D0001,W912BU16C0061,Y,GRAVOIS ALUMINUM BOATS LLC,GRAVOIS ALUMINUM BOATS LLC,Y,N,N,0,0.85,,,,seed-heuristic
W912EK18P0126,W912QR18P1007,Y,MUD BUDDY L.L.C.,MUD BUDDY L.L.C.,Y,N,N,-1,0.85,,,,seed-heuristic
W912EQ17P0051,W912EQ17P0055,Y,DEHART MARINE ELECTRONICS INC,DEHART MARINE ELECTRONICS INC,Y,N,Y,-14,0.848,,,,seed-heuristic
W912BU16P0103,W912EF15A0012,Y,"SUPPLYFORCE.COM, LLC","SUPPLYFORCE.COM, LLC",Y,N,N,-11,0.848,,,,seed-heuristic
W912P823P0007,W912P823P0010,Y,"SURVEY EQUIPMENT SERVICES, INC.","SURVEY EQUIPMENT SERVICES, INC.",Y,N,Y,19,0.847,,,,seed-heuristic
W912EE25P0023,W911S225PA493,Y,AANTILIA LLC,AANTILIA LLC,Y,N,N,17,0.847,,,,seed-heuristic
W912P819C0023,W912P819C0042,Y,QUALITY FIRST CONSTRUCTION LLC,QUALITY FIRST CONSTRUCTION LLC,Y,N,Y,29,0.845,,,,seed-heuristic
W9127N18P0172,W9127N18P0175,Y,"SEAFLOOR SYSTEMS, INC.","SEAFLOOR SYSTEMS, INC.",Y,N,Y,-35,0.844,,,,seed-heuristic
W912BU16P0096,W912BU16P0107,Y,"CHESAPEAKE MACHINING & FABRICATION, INC.","CHESAPEAKE MACHINING & FABRICATION, INC.",Y,N,Y,-45,0.843,,,,seed-heuristic
W912P816C0040,W912P817P0032,Y,"VAST INDUSTRIES, LLC","VAST INDUSTRIES, LLC",Y,N,Y,52,0.841,,,,seed-heuristic
W911S218P0324,W911S218P1137,Y,"NATIONWIDE SUPPLIES, L.P.","NATIONWIDE SUPPLIES, L.P.",Y,N,Y,66,0.839,,,,seed-heuristic
W912EK16P0121,W9123716P0084,Y,"CLARK BOAT CO., INC.","CLARK BOAT CO., INC.",Y,N,N,-71,0.838,,,,seed-heuristic
W912P815P0130,W912P816P0022,Y,NPD RESOURCES INC,NPD RESOURCES INC,Y,N,Y,91,0.835,,,,seed-heuristic
W9127N16P0131,W9127N17P0095,Y,"HAGLER SYSTEMS, INC.","HAGLER SYSTEMS, INC.",Y,N,Y,115,0.831,,,,seed-heuristic
W9128F19P0139,47QSWA19D0007,Y,ELASTEC INC,ELASTEC INC,Y,N,N,126,0.829,,,,seed-heuristic
W9127N17P0078,W9127N18P0035,Y,"HAMILTON JET, INC.","HAMILTON JET, INC.",Y,N,Y,136,0.828,,,,seed-heuristic
W912PP22P0029,47QSWA23D006A,Y,CENTRAL FLORIDA YAMAHA INC,CENTRAL FLORIDA YAMAHA INC,Y,N,N,-149,0.826,,,,seed-heuristic
W912EQ16P0043,W912EQ17P0004,Y,DEHART MARINE ELECTRONICS INC,DEHART MARINE ELECTRONICS INC,Y,N,Y,155,0.825,,,,seed-heuristic
W912BV21P0011,W912HY22P0002,Y,AMERICAN AIRBOAT CORPORATION,AMERICAN AIRBOAT CORPORATION,Y,N,N,153,0.825,,,,seed-heuristic
W912EQ24P0019,W912EQ25P0030,Y,"SPI MOBILE PULLEY WORKS, LLC","SPI MOBILE PULLEY WORKS, LLC",Y,N,Y,-164,0.823,,,,seed-heuristic
W9123711D0016,W912QR17P0096,Y,"AMHERST MADISON, INC.","AMHERST MADISON, INC.",Y,N,N,188,0.819,,,,seed-heuristic
W912P915P1111,W912P915P1239,Y,S & R MARINE & EQUIPMENT INC,S & R MARINE & EQUIPMENT INC,Y,N,Y,189,0.819,,,,seed-heuristic
W911S218P0261,GS07F280BA,Y,"MIAMI CORDAGE, LLC.","MIAMI CORDAGE, LLC.",Y,N,N,205,0.816,,,,seed-heuristic
W9126G17P0006,W9126G17P0253,Y,"BOAT RIGHT MARINE, INC","BOAT RIGHT MARINE, INC",Y,N,Y,213,0.815,,,,seed-heuristic
W9123614C0061,W911S016P0070,Y,"TEAM HENRY ENTERPRISES, LLC","TEAM HENRY ENTERPRISES, LLC",Y,N,N,233,0.812,,,,seed-heuristic
W912P916P0157,W912DQ17P1023,Y,OQUAWKA BOATS & FABRICATIONS INC,OQUAWKA BOATS & FABRICATIONS INC,Y,N,N,252,0.809,,,,seed-heuristic
W912EE15P0081,W912EE16P0078,Y,"BRIAN'S MARINE, LLC","BRIAN'S MARINE, LLC",Y,N,Y,276,0.805,,,,seed-heuristic
W912BU16C0003,W9127817C0020,Y,"SILVER SHIPS, INC","SILVER SHIPS, INC",Y,N,N,277,0.804,,,,seed-heuristic
W912PP20P0056,W912ES21P0068,Y,"CLARK BOAT CO., INC.","CLARK BOAT CO., INC.",Y,N,N,288,0.803,,,,seed-heuristic
W912DS20P0004,W912CN21P0005,Y,QUALITY PACIFIC MANUFACTURING INC.,QUALITY PACIFIC MANUFACTURING INC.,Y,N,N,284,0.803,,,,seed-heuristic
W91QEX24P0051,W50S8625CA001,Y,SAFE BOATS INTERNATIONAL LLC,SAFE BOATS INTERNATIONAL LLC,Y,N,N,297,0.801,,,,seed-heuristic
W912ES21P0068,W9123822P0050,Y,"CLARK BOAT CO., INC.","CLARK BOAT CO., INC.",Y,N,N,304,0.8,,,,seed-heuristic
W9123719P0077,W911S220P1726,Y,"E. M. OIL TRANSPORT, INC.","E. M. OIL TRANSPORT, INC.",Y,N,N,308,0.799,,,,seed-heuristic
W912CL20P0016,W91QEX21P0024,Y,SAFE BOATS INTERNATIONAL LLC,SAFE BOATS INTERNATIONAL LLC,Y,N,N,309,0.799,,,,seed-heuristic
GS07F0172Y,W912DQ26PA015,Y,OQUAWKA BOATS & FABRICATIONS INC,OQUAWKA BOATS & FABRICATIONS INC,Y,N,N,-314,0.798,,,,seed-heuristic
W912P717P0031,W9127N19P0013,Y,"SEAHORSE GEOMATICS, INCORPORATED","SEAHORSE GEOMATICS, INCORPORATED",Y,N,N,355,0.792,,,,seed-heuristic
W912BU17P0026,W912EQ18P0021,Y,WALLER N AND ASSOCIATES CONSULTING ENGINEERS INC,WALLER N AND ASSOCIATES CONSULTING ENGINEERS INC,Y,N,N,350,0.792,,,,seed-heuristic
W9127N18P0014,W9127N19P0028,Y,"HAGLER SYSTEMS, INC.","HAGLER SYSTEMS, INC.",Y,N,Y,371,0.789,,,,seed-heuristic
W9123719P0069,W911S220P2218,Y,LOGISTICS365 INC,LOGISTICS365 INC,Y,N,N,385,0.787,,,,seed-heuristic
GS07F0072N,W912DQ23P1072,Y,CENTRAL FLORIDA YAMAHA INC,CENTRAL FLORIDA YAMAHA INC,Y,N,N,-407,0.783,,,,seed-heuristic
W912EQ15P0034,W912EQ16P0024,Y,SIMPLEX AMERICAS LLC,SIMPLEX AMERICAS LLC,Y,N,Y,424,0.78,,,,seed-heuristic
W91QEX21P0028,W91QEX23P0027,Y,"ZODIAC OF NORTH AMERICA, INC.","ZODIAC OF NORTH AMERICA, INC.",Y,N,Y,485,0.77,,,,seed-heuristic
W9123715P0116,W912QR17P0064,Y,CAROLINA COMPOSITES LLC,CAROLINA COMPOSITES LLC,Y,N,N,490,0.769,,,,seed-heuristic
W912PM16P0068,W912HN18P5023,Y,FORT MACON MARINA INC,FORT MACON MARINA INC,Y,N,N,500,0.768,,,,seed-heuristic
W912BU15P0079,W912BU17P0046,Y,ALLIED SYSTEMS COMPANY,ALLIED SYSTEMS COMPANY,Y,N,Y,507,0.767,,,,seed-heuristic
W912EQ15P0124,W912EQ17P0069,Y,"KAHLENBERG INDUSTRIES, INC.","KAHLENBERG INDUSTRIES, INC.",Y,N,Y,537,0.762,,,,seed-heuristic
W912QR16P0057,W912QR18P0066,Y,"MARK MILLER MARINE, INC.","MARK MILLER MARINE, INC.",Y,N,Y,539,0.761,,,,seed-heuristic
W52P1J16P0026,W52P1J18P0011,Y,"CAPE FEAR BOAT WORKS, INC","CAPE FEAR BOAT WORKS, INC",Y,N,Y,579,0.755,,,,seed-heuristic
W9123822P0050,W912ES24P0133,Y,"CLARK BOAT CO., INC.","CLARK BOAT CO., INC.",Y,N,N,584,0.754,,,,seed-heuristic
W912DQ18P1024,W912PP20P0056,Y,"CLARK BOAT CO., INC.","CLARK BOAT CO., INC.",Y,N,N,666,0.741,,,,seed-heuristic
W912DS15P0020,W912P717P0031,Y,"SEAHORSE GEOMATICS, INCORPORATED","SEAHORSE GEOMATICS, INCORPORATED",Y,N,N,691,0.736,,,,seed-heuristic
GS07F0069M,W9123823P0009,Y,"WORTHINGTON PRODUCTS, LLC","WORTHINGTON PRODUCTS, LLC",Y,N,N,863,0.708,,,,seed-heuristic
W9127N19P0028,W9127N21P0086,Y,"HAGLER SYSTEMS, INC.","HAGLER SYSTEMS, INC.",Y,N,Y,901,0.702,,,,seed-heuristic
W912EF20C0020,W9123823P0042,Y,"ROGUE JET BOATWORKS, INC","ROGUE JET BOATWORKS, INC",Y,N,N,910,0.7,,,,seed-heuristic
